State,Parliamentary Constituency,,Winner,,,,,Runner-up,,,,,Margin
,No.,Name,Candidate,Party,,%,Votes,Candidate,Party,,Votes,%,Votes
Andaman and Nicobar Islands,1,Andaman & Nicobar Islands,Bishnu Pada Ray,,BJP,50.6,"1,02,436",Kuldeep Rai Sharma,,INC,78040,38.5,24396
Andhra Pradesh,1,Araku,Gumma Thanuja Rani,,YSRCP,40.96,"4,77,005",Kothapalli Geetha,,BJP,"4,26,425",36.62,50580
,2,Srikakulam,Kinjarapu Ram Mohan Naidu,,TDP,61.05,"7,54,328",Perada Tilak,,YSRCP,"4,26,427",34.51,"3,27,901"
,3,Vizianagaram,Appalanaidu Kalisetti,,TDP,57.2,"7,43,113",Bellana Chandra Sekhar,,YSRCP,"4,93,762",38,"2,49,351"
,4,Visakhapatnam,Mathukumilli Bharat,,TDP,65.42,"9,07,467",Botsa Jhansi Lakshmi,,YSRCP,"4,03,220",29.07,"5,04,247"
,5,Anakapalli,C. M. Ramesh,,BJP,57.5,"7,62,069",Budi Mutyala Naidu,,YSRCP,"4,65,539",35.13,"2,96,530"
,6,Kakinada,Tangella Uday Srinivas,,JSP,54.87,"7,29,699",Chalamalasetti Sunil,,YSRCP,"5,00,208",37.62,"2,29,491"
,7,Amalapuram,Ganti Harish Madhur,,TDP,61.25,"7,96,981",Rapaka Vara Prasada Rao,,YSRCP,"4,54,785",34.95,"3,42,196"
,8,Rajahmundry,Daggubati Purandeswari,,BJP,54.82,"7,26,515",Guduri Srinivas,,YSRCP,"4,87,376",36.77,"2,39,139"
,9,Narasapuram,Bhupathi Raju Srinivasa Varma,,BJP,57.46,"7,07,343",Guduri Umabala,,YSRCP,"4,30,541",34.98,"2,76,802"
,10,Eluru,Putta Mahesh Yadav,,TDP,54,"7,46,351",Karumuri Sunilkumar Yadav,,YSRCP,"5,64,494",40.84,"1,81,857"
,11,Machilipatnam,Vallabhaneni Balashowry,,JSP,55.22,"7,24,439",Simhadri Chandrasekhar Rao,,YSRCP,"5,01,260",38.21,"2,23,179"
,12,Vijayawada,Kesineni Sivanath,,TDP,58.21,"7,94,154",Kesineni Srinivas,,YSRCP,"5,12,069",37.53,"2,82,085"
,13,Guntur,Chandra Sekhar Pemmasani,,TDP,60.68,"8,64,948",Kilari Venkata Rosaiah,,YSRCP,"5,20,253",36.5,"3,44,695"
,14,Narasaraopet,Lavu Sri Krishna Devarayalu,,TDP,53.88,"8,07,996",Poluboina Anilkumar Yadav,,YSRCP,"6,48,267",43.23,"1,59,729"
,15,Bapatla,Krishna Prasad Tenneti,,TDP,55.16,"7,17,493",Nandigam Suresh,,YSRCP,"5,09,462",39.17,"2,08,031"
,16,Ongole,Magunta Sreenivasulu Reddy,,TDP,49.35,"7,01,894",Chevireddy Bhaskar Reddy,,YSRCP,"6,51,695",45.82,50199
,17,Nandyal,Byreddy Shabari,,TDP,49.92,"7,01,131",Pocha Brahmananda Reddy,,YSRCP,"5,89,156",41.95,"1,11,975"
,18,Kurnool,Bastipati Nagaraju Panchalingala,,TDP,49.51,"6,58,914",B. Y. Ramaiah,,YSRCP,"5,47,616",41.15,"1,11,298"
,19,Anantapur,Ambica G Lakshminarayana Valmiki,,TDP,53.33,"7,68,245",Malagundla Sankaranarayana,,YSRCP,"5,79,690",40.24,"1,88,555"
,20,Hindupur,B. K. Parthasarathi,,TDP,51.23,"7,25,534",J. Shantha,,YSRCP,"5,93,107",41.88,"1,32,427"
,21,Kadapa,Y. S. Avinash Reddy,,YSRCP,45.78,"6,05,143",Chadipiralla Bhupesh Reddy,,TDP,"5,42,448",41.03,62995
,22,Nellore,Vemireddy Prabhakar Reddy,,TDP,55.7,"7,66,202",V. Vijaysai Reddy,,YSRCP,"5,20,300",37.82,"2,45,902"
,23,Tirupati,Maddila Gurumoorthy,,YSRCP,46,"6,32,228",Velagapalli Varaprasad Rao,,BJP,"6,17,659",44.67,14569
,24,Rajampet,P. V. Midhun Reddy,,YSRCP,48.38,"6,44,844",Kiran Kumar Reddy,,BJP,"5,68,773",42.67,76071
,25,Chittoor,Daggumalla Prasada Rao,,TDP,54.84,"7,78,071",N. Reddeppa,,YSRCP,"5,57,592",39.3,"2,20,479"
Arunachal Pradesh,1,Arunachal West,Kiren Rijiju,,BJP,51.4,"2,05,417",Nabam Tuki,,INC,"1,04,679",26.2,100738
,2,Arunachal East,Tapir Gao,,BJP,45,"1,45,581",Bosiram Siram,,INC,"1,15,160",35.6,30421
Assam,1,Kokrajhar,Joyanta Basumatary,,UPPL,39.4,"4,88,995",Kampa Borgoyari,,BPF,"4,37,412",35.2,51583
,2,Dhubri,Rakibul Hussain,,INC,60,"14,71,885",Mohammed Badruddin Ajmal,,AIUDF,"4,59,409",18.7,1012476
,3,Barpeta,Phani Bhusan Choudhury,,AGP,51,"8,60,113",Deep Bayan,,INC,"6,37,762",37.8,222351
,4,Darrang–Udalgu,Dilip Saikia,,BJP,47.9,"8,68,387",Madhab Rajbangshi,,INC,"5,39,375",29.8,329012
,5,Guwahati,Bijuli Kalita Medhi,,BJP,56,"8,94,887",Mira Borthakur Goswami,,INC,"6,43,797",40.3,251090
,6,Diphu,Amarsing Tisso,,BJP,49,"3,34,620",J.I. Kathar,,IND,"1,87,017",27,147603
,7,Karimganj,Kripanath Mallah,,BJP,47.5,"5,45,093",Hafiz Rashid Ahmed Choudhury,,INC,"5,26,733",45.9,18360
,8,Silchar,Parimal Suklabaidya,,BJP,59.9,"6,52,405",Surya Kanta Sarkar,,INC,"3,88,094",35.6,264311
,9,Nagaon,Pradyut Bordoloi,,INC,50.9,"7,88,850",Suresh Borah,,BJP,"5,76,619",37.2,212231
,10,Kaziranga,Kamakhya Prasad Tasa,,BJP,55,"8,97,043",Roselina Tirkey,,INC,"6,48,096",39.8,248947
,11,Sonitpur,Ranjit Dutta,,BJP,60.2,"7,75,788",Premlal Ganju,,INC,"4,14,380",32.2,361408
,12,Lakhimpur,Pradan Baruah,,BJP,54.7,"6,63,122",Uday Shankar Hazarika,,INC,"4,61,865",38.1,"2,01,257"
,13,Dibrugarh,Sarbananda Sonowal,,BJP,54.3,"6,93,762",Lurinjyoti Gogoi,,AJP,"4,14,441",32.4,279321
,14,Jorhat,Gaurav Gogoi,,INC,54,"7,51,771",Topon Kumar Gogoi,,BJP,"6,07,378",43.7,144393
Bihar,1,Valmiki Nagar,Sunil Kumar,,JD(U),47.5,"5,23,422",Deepak Yadav,,RJD,"4,24,747",38.5,98675
,2,Paschim Champaran,Sanjay Jaiswal,,BJP,53.43,"5,80,421",Madan Mohan Tiwari,,INC,"4,43,853",40.86,"1,36,568"
,3,Purvi Champaran,Radha Mohan Singh,,BJP,50.5,"5,42,193",Dr. Rajesh Kumar,,VIP,"4,53,906",42.28,88287
,4,Sheohar,Lovely Anand,,JD(U),45.15,"4,76,612",Ritu Jaiswal,,RJD,"4,47,469",42.39,29143
,5,Sitamarhi,Devesh Chandra Thakur,,JD(U),47.14,"5,15,719",Arjun Ray,,RJD,"4,64,363",42.45,51356
,6,Madhubani,Ashok Kumar Yadav,,BJP,53.85,"5,53,428",Mohammad Ali Ashraf Fatmi,,RJD,"4,01,483",39.07,"1,51,945"
,7,Jhanjharpur,Ramprit Mandal,,JD(U),48.73,"5,33,032",Suman Kumar Mahaseth,,VIP,"3,48,863",31.9,"1,84,169"
,8,Supaul,Dileshwar Kamait,,JD(U),48.33,"5,95,038",Chandrahas Chaupal,,RJD,"4,25,235",34.54,"1,69,803"
,9,Araria,Pradeep Kumar Singh,,BJP,47.91,"6,00,146",Mohammed Shahnawaz Alam,,RJD,"5,80,052",46.31,20094
,10,Kishanganj,Mohammad Jawed,,INC,35,"4,02,850",Mujahid Alam,,JD(U),"3,43,158",29.81,59692
,11,Katihar,Tariq Anwar,,INC,48.41,"5,67,092",Dulal Chandra Goswami,,JD(U),"5,17,229",44.15,49863
,12,Purnia,Pappu Yadav,,IND,47.46,"5,67,556",Santosh Kumar,,JD(U),"5,43,709",45.47,23847
,13,Madhepura,Dinesh Chandra Yadav,,JD(U),52.96,"6,40,649",Da Kumar Chandradeep,,RJD,"4,66,115",38.53,"1,74,534"
,14,Darbhanga,Gopal Jee Thakur,,BJP,55.33,"5,66,630",Lalit Kumar Yadav,,RJD,"3,88,474",37.93,"1,78,156"
,15,Muzaffarpur,Raj Bhushan Choudhary,,BJP,55.71,"6,19,749",Ajay Nishad,,INC,"3,84,822",34.59,"2,34,927"
,16,Vaishali,Veena Devi,,LJP(RV),48.38,"5,67,043",Vijay Kumar Shukla,,RJD,"4,77,409",40.73,89634
,17,Gopalganj,Alok Kumar Suman,,JD(U),48.15,"5,11,866",Prem Nath Chanchal Alias Chanchal Paswan,,VIP,"3,84,686",36.19,"1,27,180"
,18,Siwan,Vijay Lakshmi Devi,,JD(U),38.73,"3,86,508",Hena Shahab,,IND,"2,93,651",29.42,92857
,19,Maharajganj,Janardan Singh Sigriwal,,BJP,52.22,"5,29,533",Aakash Kumar Singh,,INC,"4,26,882",42.09,"1,02,651"
,20,Saran,Rajiv Pratap Rudy,,BJP,46.18,"4,71,752",Rohini Acharya,,RJD,"4,58,091",44.84,13661
,21,Hajipur,Chirag Paswan,,LJP(RV),53.29,"6,15,718",Shiv Chandra Ram,,RJD,"4,45,613",38.57,"1,70,105"
,22,Ujiarpur,Nityanand Rai,,BJP,49.51,"5,15,965",Alok Kumar Mehta,,RJD,"4,55,863",43.75,60102
,23,Samastipur,Shambhavi,,LJP(RV),52.97,"5,79,786",Sunny Hazari,,INC,"3,92,535",35.86,"1,87,251"
,24,Begusarai,Giriraj Singh,,BJP,50.15,"6,49,331",Abdhesh Kumar Roy,,CPI,"5,67,851",43.86,81480
,25,Khagaria,Rajesh Verma,,LJP(RV),50.73,"5,38,657",Sanjay Kumar,,CPI(M),"3,77,526",35.55,"1,61,131"
,26,Bhagalpur,Ajay Kumar Mandal,,JD(U),50.38,"5,36,031",Ajeet Sharma,,INC,"4,31,163",40.52,"1,04,868"
,27,Banka,Giridhari Yadav,,JD(U),49.96,"5,06,678",Jai Prakash Narayan Yadav,,RJD,"4,02,834",39.72,"1,03,834"
,28,Munger,Rajeev Ranjan Singh Alias Lalan Singh,,JD(U),48.3,"5,50,146",Kumari Anita,,RJD,"4,69,276",41.2,80870
,29,Nalanda,Kaushalendra Kumar,,JD(U),48.88,"5,59,422",Sandeep Saurav,,CPI(ML)L,"3,90,308",34.11,"1,69,114"
,30,Patna Sahib,Ravi Shankar Prasad,,BJP,54.7,"5,88,270",Anshul Avijit,,INC,"4,34,424",40.39,"1,53,846"
,31,Pataliputra,Misha Bharti,,RJD,49.86,"6,13,283",Ram Kripal Yadav,,BJP,"5,28,109",42.93,85174
,32,Arrah,Sudama Prasad,,CPI(ML)L,48.28,"5,29,382",R. K. Singh,,BJP,"4,69,574",42.82,59808
,33,Buxar,Sudhakar Singh,,RJD,40.82,"4,38,345",Mithlesh Tiwari,,BJP,"4,08,254",38.02,30091
,34,Sasaram,Manoj Kumar,,INC,46.76,"5,13,004",Shivesh Kumar,,BJP,"4,93,847",45.01,19157
,35,Karakat,Raja Ram Singh Kushwaha,,CPI(ML)L,36.89,"3,80,581",Pawan Singh,,IND,"2,74,723",26.63,"1,05,858"
,36,Jahanabad,Surendra Prasad Yadav,,RJD,47.88,"4,43,035",Chandeshwar Prasad,,JD(U),"3,00,444",32.47,"1,42,591"
,37,Aurangabad,Abhay Kumar Sinha,,RJD,49.22,"4,65,567",Sushil Kumar Singh,,BJP,"3,86,456",40.86,79111
,38,Gaya,Jitan Ram Manjhi,,HAM(S),51.36,"4,94,960",Kumar Sarvjeet,,RJD,"3,93,148",40.8,"1,01,812"
,39,Nawada,Vivek Thakur,,BJP,47.2,"4,10,608",Shrawan Kumar,,RJD,"3,42,938",39.42,67670
,40,Jamui,Arun Bharti,,LJP(RV),51.98,"5,09,046",Archana Kumari,,RJD,"3,96,564",40.5,"1,12,482"
Chandigarh,1,Chandigarh,Manish Tewari,,INC,48.23,"2,16,657",Sanjay Tandon,,BJP,"2,14,153",47.66,2504
Chhattisgarh,1,Sarguja,Chintamani Maharaj,,BJP,49.01,"7,13,200",Shashi Singh,,INC,"6,48,328",44.55,64822
,2,Raigarh,Radheshyam Rathiya,,BJP,55.63,"8,08,275",Menka Devi Singh,,INC,"5,67,884",39.08,240391
,3,Janjgir-Champa,Kamlesh Jangre,,BJP,48.71,"6,78,199",Shivkumar Dahariya,,INC,"6,18,199",44.4,60000
,4,Korba,Jyotsna Mahant,,INC,46.53,"5,70,182",Saroj Pandey,,BJP,"5,26,899",43,43283
,5,Bilaspur,Tokhan Sahu,,BJP,53.25,"7,24,937",Devender Singh Yadav,,INC,"5,60,379",41.16,164558
,6,Rajnandgaon,Santosh Pandey,,BJP,49.25,"7,12,057",Bhupesh Baghel,,INC,"6,67,646",46.18,44411
,7,Durg,Vijay Baghel,,BJP,62,"9,56,497",Rajendra Sahu,,INC,"5,18,271",33.59,438226
,8,Raipur,Brijmohan Agrawal,,BJP,66.19,"10,50,351",Vikas Upadhyay,,INC,"4,75,066",29.94,575285
,9,Mahasamund,Roop Kumari Choudhary,,BJP,53.06,"7,03,659",Tamradhwaj Sahu,,INC,"5,58,203",42.09,145456
,10,Bastar,Mahesh Kashyap,,BJP,45.5,"4,58,398",Kawasi Lakhma,,INC,"4,03,153",40.02,55245
,11,Kanker,Bhojraj Nag,,BJP,47.23,"5,97,624",Biresh Thakur,,INC,"5,95,740",47.08,1884
Dadra and Nagar Haveli and Daman and Diu,1,Daman And Diu,Patel Umeshbhai Babubhai,,IND,46.02,42523,Lalubhai Babubhai Patel,,BJP,36298,39.28,6225
,2,Dadra And Nagar Haveli,Delkar Kalaben Mohanbhai,,BJP,58.89,"1,21,074",Ajit Ramjibhai Mahala,,INC,63490,30.88,57584
Delhi,1,Chandni Chowk,Praveen Khandelwal,,BJP,53.46,"5,16,496",Jai Prakash Agarwal,,INC,"4,27,171",44.22,89325
,2,North East Delhi,Manoj Tiwari,,BJP,53.1,"8,24,451",Kanhaiya Kumar,,INC,"6,85,673",44.16,"1,38,778"
,3,East Delhi,Harsh Malhotra,,BJP,52.59,"6,64,819",Kuldeep Kumar (Monu),,AAP,"5,71,156",45.18,93663
,4,New Delhi,Bansuri Swaraj,,BJP,53.48,"4,53,185",Somnath Bharti,,AAP,"3,74,815",44.23,78370
,5,North West Delhi,Yogender Chandoliya,,BJP,58.26,"8,66,483",Udit Raj,,INC,"5,75,634",38.71,"2,90,849"
,6,West Delhi,Kamaljeet Sehrawat,,BJP,55.27,"8,42,658",Mahabal Mishra,,AAP,"6,43,645",42.22,"1,99,013"
,7,South Delhi,Ramvir Singh Bidhuri,,BJP,53.46,"6,92,832",Sahi Ram,,AAP,"5,68,499",43.87,"1,24,333"
Goa,1,North Goa,Shripad Yesso Naik,,BJP,56.43,"2,57,326",Ramakant Khalap,,INC,"1,41,311",30.99,"1,16,015"
,2,South Goa,Captain Viriato Fernandes,,INC,48.35,"2,17,836",Pallavi Shrinivas Dempo,,BJP,"2,04,301",45.35,13535
Gujarat,1,Kachchh,Vinodbhai Chavda,,BJP,60.23,"6,59,574",Nitishbhai Lalan,,INC,"3,90,792",35.68,268782
,2,Banaskantha,Geniben Thakor,,INC,48.83,"6,71,883",Rekhaben Hiteshbhai Chaudhary,,BJP,"6,41,477",46.62,30406
,3,Patan,Bharatsinhji Dabhi,,BJP,49.61,"5,91,947",Chandanji Thakor,,INC,"5,60,071",46.94,31876
,4,Mahesana,Haribhai Patel,,BJP,63.74,"6,86,406",Ramji Thakor (Palvi),,INC,"3,58,360",33.28,328046
,5,Sabarkantha,Shobhnaben Mahendrasinh Baraiya,,BJP,53.36,"6,77,318",Tushar Chaudhary,,INC,"5,21,636",40.85,155682
,6,Gandhinagar,Amit Shah,,BJP,76.48,"10,10,972",Sonal Patel,,INC,"2,66,256",20.13,744716
,7,Ahmedabad East,Hasmukh Patel,,BJP,68.28,"7,70,459",Himmatsinh Patel,,INC,"3,08,704",27.36,461755
,8,Ahmedabad West,Dineshbhai Kodarbhai Makwana,,BJP,63.28,"6,11,704",Bharat Makwana,,INC,"3,25,267",33.65,286437
,9,Surendranagar,Chandubhai Chhaganbhai Shihora,,BJP,59.2,"6,69,749",Rutvik Makwana,,INC,"4,08,132",36.07,261617
,10,Rajkot,Parshottam Rupala,,BJP,67.37,"8,57,984",Paresh Dhanani,,INC,"3,73,724",29.35,484260
,11,Porbandar,Mansukh Mandaviya,,BJP,68.15,"6,33,118",Lalitbhai Vasoya,,INC,"2,49,758",26.88,383360
,12,Jamnagar,Poonamben Maadam,,BJP,58.98,"6,20,049",J.P Marvia,,INC,"3,82,041",36.34,238008
,13,Junagadh,Rajesh Chudasama,,BJP,54.67,"5,84,049",Hirabhai Jotva,,INC,"4,48,555",41.99,135494
,14,Amreli,Bharatbhai Manubhai Sutariya,,BJP,66.28,"5,80,872",Jennyben Thummar,,INC,"2,59,804",29.64,321068
,15,Bhavnagar,Nimuben Jayantibhai Bambhania,,BJP,68.46,"7,16,883",Umesh Makwana,,AAP,"2,61,594",24.98,455289
,16,Anand,Mitesh Rameshbhai Patel,,BJP,52.44,"6,12,484",Amitbhai Chavda,,INC,"5,22,545",44.74,89939
,17,Kheda,Devusinh Jesingbhai Chauhan,,BJP,63.31,"7,44,435",Kalusinh Dabhi,,INC,"3,86,677",32.88,357758
,18,Panchmahal,Rajpalsinh Mahendrasinh Jadhav,,BJP,70.22,"7,94,579",Gulabsinh Chaudhan,,INC,"2,85,237",25.21,509342
,19,Dahod,Jasvantsinh Sumanbhai Bhabhor,,BJP,61.59,"6,88,715",Prabhaben Taviyad,,INC,"3,55,038",31.75,333677
,20,Vadodara,Hemang Yogeshchandra Joshi,,BJP,72.04,"8,73,189",Jashpalsinh Padhiyar,,INC,"2,91,063",24.01,582126
,21,Chhota Udaipur,Jashubhai Bhilubhai Rathva,,BJP,62.84,"7,96,589",Sukhrambhai Rathwa,,INC,"3,97,812",31.38,398777
,22,Bharuch,Mansukhbhai Vasava,,BJP,50.72,"6,08,157",Chaitar Vasava,,AAP,"5,22,461",43.58,85696
,23,Bardoli,Parbhubhai Vasava,,BJP,57.04,"7,63,950",Siddharth Chaudhary,,INC,"5,33,697",39.85,230253
,24,Surat,Mukesh Dalal,,BJP,,,,,,,,
,25,Navsari,C. R. Patil,,BJP,77.05,"10,31,065",Naishadh Desai,,INC,"2,57,514",19.24,773551
,26,Valsad,Dhaval Laxmanbhai Patel,,BJP,56.13,"7,64,226",Anantbhai Patel,,INC,"5,53,522",40.66,210704
Haryana,1,Ambala,Varun Chaudhary,,INC,49.28,"6,63,657",Banto Kataria,,BJP,"6,14,621",45.64,49036
,2,Kurukshetra,Naveen Jindal,,BJP,44.96,"5,42,175",Dr. Sushil Gupta,,AAP,"5,13,154",42.55,29021
,3,Sirsa,Selja Kumari,,INC,54.17,"7,33,823",Ashok Tanwar,,BJP,"4,65,326",34.35,"2,68,497"
,4,Hisar,Jai Parkash,,INC,48.58,"5,70,424",Ranjit Singh Chautala,,BJP,"5,07,043",43.19,63381
,5,Karnal,Manohar Lal Khattar,,BJP,54.93,"7,39,285",Divyanshu Budhiraja,,INC,"5,06,708",37.65,232577
,6,Sonipat,Satpal Brahamchari,,INC,48.82,"5,48,682",Mohan Lal Badoli,,BJP,"5,26,866",46.88,21816
,7,Rohtak,Deepender Singh Hooda,,INC,62.76,"7,83,578",Dr. Arvind Kumar Sharma,,BJP,"4,38,280",35.11,345298
,8,Bhiwani–Mahendraga,Dharambir Singh Chaudhary,,BJP,49.74,"5,88,664",Rao Dan Singh,,INC,"5,47,154",46.24,41510
,9,Gurgaon,Rao Inderjit Singh,,BJP,50.48,"8,08,336",Raj Babbar,,INC,"7,33,257",45.79,75079
,10,Faridabad,Krishan Pal Gurjar,,BJP,53.6,"7,88,569",Mahender Pratap Singh,,INC,"6,15,655",41.84,172914
Himachal Pradesh,1,Kangra,Rajeev Bhardwaj,,BJP,61.03,"6,32,793",Anand Sharma,,INC,"3,80,898",36.74,251895
,2,Mandi,Kangana Ranaut,,BJP,52.87,"5,37,022",Vikramaditya Singh,,INC,"4,62,267",45.51,74755
,3,Hamirpur,Anurag Thakur,,BJP,57.97,"6,07,068",Satpal Raizada,,INC,"4,24,711",40.55,182357
,4,Shimla,Suresh Kumar Kashyap,,BJP,53.58,"5,19,748",Vinod Sultanpuri,,INC,"4,28,297",44.16,91451
Jammu and Kashmir,1,Baramulla,Abdul Rashid Sheikh,,IND,45.7,"4,72,481",Omar Abdullah,,JKNC,"2,68,339",25.95,204142
,2,Srinagar,Aga Syed Ruhullah Mehdi,,JKNC,52.85,"3,56,866",Waheed Ur Rehman Para,,JKPDP,"1,68,450",24.95,188416
,3,Anantnag-Rajouri,Mian Altaf Ahmed Larvi,,JKNC,50.85,"5,21,836",Mehbooba Mufti,,JKPDP,"2,40,042",23.39,281794
,4,Udhampur,Dr. Jitendra Singh,,BJP,51.28,"5,71,076",Chaudhary Lal Singh,,INC,"4,46,703",40.11,124373
,5,Jammu,Jugal Kishore Sharma,,BJP,52.8,"6,87,588",Raman Bhalla,,INC,"5,52,090",42.4,135498
Jharkhand,1,Rajmahal,Vijay Kumar Hansdak,,JMM,50.35,"6,13,371",Tala Marandi,,BJP,"4,35,107",35.72,178264
,2,Dumka,Nalin Soren,,JMM,46.23,"5,47,370",Sita Murmu,,BJP,"5,24,843",44.32,22527
,3,Godda,Nishikant Dubey,,BJP,49.57,"6,93,140",Pradeep Yadav,,INC,"5,91,327",42.29,101813
,4,Chatra,Kali Charan Singh,,BJP,52.89,"5,74,556",Krishna Nand Tripathy,,INC,"3,53,597",32.55,220959
,5,Kodarma,Annpurna Devi,,BJP,57.79,"7,91,657",Vinod Kumar Singh,,CPI(ML)L,"4,14,643",30.27,377014
,6,Giridih,Chandra Prakash Choudhary,,AJSU,35.67,"4,51,139",Mathura Prasad Mahato,,JMM,"3,70,259",29.27,80880
,7,Dhanbad,Dulu Mahato,,BJP,55.26,"7,89,172",Anupama Singh,,INC,"4,57,589",32.04,331583
,8,Ranchi,Sanjay Seth,,BJP,45.91,"6,64,732",Yashaswini Sahay,,INC,"5,44,220",37.59,120512
,9,Jamshedpur,Bidyut Baran Mahato,,BJP,56.84,"7,26,174",Samir Kumar Mohanty,,JMM,"4,66,392",36.5,259782
,10,Singhbhum,Joba Majhi,,JMM,51.62,"5,20,164",Geeta Kora,,BJP,"3,51,762",34.91,168402
,11,Khunti,Kali Charan Munda,,INC,54.62,"5,11,647",Arjun Munda,,BJP,"3,61,972",38.64,149675
,12,Lohardaga,Sukhdeo Bhagat,,INC,49.95,"4,83,038",Samir Oraon,,BJP,"3,43,900",35.56,139138
,13,Palamau,Vishnu Dayal Ram,,BJP,55.39,"7,70,362",Mamata Bhuiyan,,RJD,"4,81,555",34.63,288807
,14,Hazaribagh,Manish Jaiswal,,BJP,51.76,"6,54,613",Jai Prakash Bhai Patel,,INC,"3,77,927",29.88,276686
Karnataka,1,Chikkodi,Priyanka Jarkiholi,,INC,51.21,"7,13,461",Annasaheb Shankar Jolle,,BJP,"6,22,627",44.69,90834
,2,Belgaum,Jagadish Shettar,,BJP,55.06,"7,62,029",Mrinal Hebbalkar,,INC,"5,83,592",42.17,178437
,3,Bagalkot,Gaddigoudar Parvatagouda Chandanagouda,,BJP,50.93,"6,71,039",Samyukta Shivanand Patil,,INC,"6,02,640",45.74,68399
,4,Bijapur,Ramesh Jigajinagi,,BJP,51.91,"6,72,781",Raju Alagur,,INC,"5,95,552",45.95,77229
,5,Gulbarga,Radhakrishna Doddamani,,INC,49.78,"6,52,321",Umesh. G. Jadhav,,BJP,"6,25,116",47.7,27205
,6,Raichur,G. Kumar Naik,,INC,51.63,"6,70,966",Raja Amareshwara Naik,,BJP,"5,91,185",45.49,79781
,7,Bidar,Sagar Eshwar Khandre,,INC,53.63,"6,66,317",Bhagwant Khuba,,BJP,"5,37,442",43.26,128875
,8,Koppal,K. Rajashekhar Basavaraj Hitnal,,INC,49.93,"6,63,511",Basavaraj K. Sharanappa,,BJP,"6,17,154",46.44,46357
,9,Bellary,E. Tukaram,,INC,52.58,"7,30,845",B. Sreeramulu,,BJP,"6,31,853",45.46,98992
,10,Haveri,Basavaraj Bommai,,BJP,50.55,"7,05,538",Anandswamy Gaddadevarmath,,INC,"6,62,025",47.43,43513
,11,Dharwad,Prahlad Joshi,,BJP,52.41,"7,16,231",Vinod Asooti,,INC,"6,18,907",45.29,97324
,12,Uttara Kannada,Vishweshwar Hegde Kageri,,BJP,61.97,"7,82,495",Anjali Nimbalkar,,INC,"4,45,067",35.25,337428
,13,Davanagere,Prabha Mallikarjun,,INC,47.95,"6,33,059",Gayithri Siddeshwara,,BJP,"6,06,965",45.97,26094
,14,Shimoga,B. Y. Raghavendra,,BJP,56.54,"7,78,721",Geetha Shivarajkumar,,INC,"5,35,006",38.85,243715
,15,Udupi Chikmagalur,Kota Srinivas Poojary,,BJP,59.56,"7,32,234",K. Jayaprakash Hegde,,INC,"4,73,059",38.48,259175
,16,Hassan,Shreyas M. Patel,,INC,49.67,"6,72,988",Prajwal Revanna,,JD(S),"6,30,339",46.52,42649
,17,Dakshina Kannada,Brijesh Chowta,,BJP,53.97,"7,64,132",Padmaraj R. Poojary,,INC,"6,14,924",43.43,149208
,18,Chitradurga,Govind Makthappa Karjol,,BJP,50.11,"6,84,890",B. N. Chandrappa,,INC,"6,36,769",46.58,48121
,19,Tumkur,V. Somanna,,BJP,55.31,"7,20,946",S. P. Muddahanumegowda,,INC,"5,45,352",41.84,175594
,20,Mandya,H. D. Kumaraswamy,,JD(S),58.34,"8,51,881",Venkataramane Gowda,,INC,"5,67,261",38.85,284620
,21,Mysore,Yaduveer Krishnadatta Chamaraja Wadiyar,,BJP,53.59,"7,95,503",M. Lakshmana,,INC,"6,56,241",44.21,139262
,22,Chamarajanagar,Sunil Bose,,INC,54.87,"7,51,671",Balaraj S.,,BJP,"5,62,965",41.1,188706
,23,Bangalore Rural,C. N. Manjunath,,BJP,56.21,"10,79,002",D. K. Suresh,,INC,"8,09,355",42.16,269647
,24,Bangalore North,Shobha Karandlaje,,BJP,56.27,"9,86,049",M. V. Rajeev Gowda,,INC,"7,26,573",41.46,259476
,25,Bangalore Central,P. C. Mohan,,BJP,50.05,"6,58,915",Mansoor Ali Khan,,INC,"6,26,208",47.57,32707
,26,Bangalore South,Tejaswi Surya,,BJP,60.1,"7,50,830",Sowmya Reddy,,INC,"4,73,747",37.92,277083
,27,Chikballapur,K. Sudhakar,,BJP,53.74,"8,22,619",M. S. Raksha Ramaiah,,INC,"6,59,159",43.06,163460
,28,Kolar,M. Mallesh Babu,,JD(S),51.02,"6,91,481",K. V. Gowtham,,INC,"6,20,093",45.76,71388
Kerala,1,Kasaragod,Rajmohan Unnithan,,INC,44.1,"4,90,659",M. V. Balakrishnan,,CPI(M),"3,90,010",35.06,100649
,2,Kannur,K. Sudhakaran,,INC,48.74,"5,18,524",M. V. Jayarajan,,CPI(M),"4,09,542",38.5,108982
,3,Vatakara,Shafi Parambil,,INC,49.65,"5,57,528",K. K. Shailaja,,CPI(M),"4,43,022",39.45,114506
,4,Wayanad,Rahul Gandhi,,INC,59.69,"6,47,445",Annie Raja,,CPI,"2,83,023",26.09,364422
,5,Kozhikode,M. K. Raghavan,,INC,47.74,"5,20,421",Elamaram Kareem,,CPI(M),"3,74,245",34.33,146176
,6,Malappuram,E. T. Mohammed Basheer,,IUML,59.35,"6,44,006",V Vaseef,,CPI(M),"3,43,888",31.69,300118
,7,Ponnani,M. P. Abdussamad Samadani,,IUML,54.81,"5,62,516",K.S. Hamza,,CPI(M),"3,26,756",31.84,235760
,8,Palakkad,V. K. Sreekandan,,INC,40.66,"4,21,169",A. Vijayaraghavan,,CPI(M),"3,45,886",33.39,75283
,9,Alathur,K. Radhakrishnan,,CPI(M),40.66,"4,03,447",Ramya Haridas,,INC,"3,83,336",38.63,20111
,10,Thrissur,Suresh Gopi,,BJP,37.8,"4,12,338",V. S. Sunilkumar,,CPI,"3,37,652",30.95,74686
,11,Chalakudy,Benny Behanan,,INC,41.44,"3,94,171",C. Raveendranath,,CPI(M),"3,30,417",34.73,63754
,12,Ernakulam,Hibi Eden,,INC,52.97,"4,82,317",K. J. Shine,,CPI(M),"2,31,932",25.47,250385
,13,Idukki,Dean Kuriakose,,INC,51.43,"4,32,372",Joice George,,CPI(M),"2,98,645",35.53,133727
,14,Kottayam,K. Francis George,,KEC,43.6,"3,64,631",Thomas Chazhikadan,,KC(M),"2,77,365",33.17,87266
,15,Alappuzha,K. C. Venugopal,,INC,38.21,"4,04,560",A. M. Ariff,,CPI(M),"3,41,047",32.21,63513
,16,Mavelikkara,Kodikunnil Suresh,,INC,41.29,"3,69,516",Arun Kumar C. A.,,CPI,"3,58,648",40.07,10868
,17,Pathanamthitta,Anto Antony,,INC,39.98,"3,67,623",T. M. Thomas Issac,,CPI(M),"3,01,504",32.79,66119
,18,Kollam,N. K. Premachandran,,RSP,48.45,"4,43,628",M. Mukesh,,CPI(M),"2,93,326",32.03,150302
,19,Attingal,Adoor Prakash,,INC,33.29,"3,28,051",V. Joy,,CPI(M),"3,27,367",33.22,684
,20,Thiruvananthapuram,Shashi Tharoor,,INC,37.19,"3,58,155",Rajeev Chandrasekhar,,BJP,"3,42,078",35.52,16077
Ladakh,1,Ladakh,Mohmad Haneefa,,IND,48.15,37397,Tsering Namgyal,,INC,65259,27.59,27862
Lakshadweep,1,Lakshadweep,Muhammed Hamdulla Sayeed,,INC,52.29,25726,Mohammed Faizal Padippura,,NCP-SP,23079,46.91,2647
Madhya Pradesh,1,Morena,Shivmangal Singh Tomar,,BJP,43.41,"5,15,477",Neetu Satyapal Singh Sikarwar,,INC,"4,62,947",38.99,52530
,2,Bhind,Sandhya Ray,,BJP,51.2,"5,37,065",Phool Singh Baraiya,,INC,"4,72,225",45.02,64840
,3,Gwalior,Bharat Singh Kushwah,,BJP,49.99,"6,71,535",Praveen Pathak,,INC,"6,01,325",44.77,70210
,4,Guna,Jyotiraditya Scindia,,BJP,67.21,"9,23,302",Yadvendra Rao Deshraj Singh,,INC,"3,82,373",27.83,540929
,5,Sagar,Lata Wankhede,,BJP,68.49,"7,87,979",Chandra Bhushan Singh Bundela,,INC,"3,16,757",27.53,471222
,6,Tikamgarh,Virendra Kumar Khatik,,BJP,65.1,"7,15,050",Pankaj Ahirwar,,INC,"3,11,738",28.38,403312
,7,Damoh,Rahul Singh Lodhi,,BJP,65.18,"7,09,768",Tarbar Singh Lodhi,,INC,"3,03,342",27.86,406426
,8,Khajuraho,V. D. Sharma,,BJP,67.75,"7,72,774",Kamlesh Kumar,,BSP,"2,31,545",20.3,541229
,9,Satna,Ganesh Singh,,BJP,43.41,"4,59,728",Siddharth Sukhlal Kushwaha,,INC,"3,74,779",35.39,84949
,10,Rewa,Janardan Mishra,,BJP,52,"4,77,459",Neelam Abhay Mishra,,INC,"2,84,085",30.94,193374
,11,Sidhi,Rajesh Mishra,,BJP,50.87,"5,83,559",Kamleshwar Indrajit Kumar,,INC,"3,77,143",32.87,206416
,12,Shahdol,Himadri Singh,,BJP,61.73,"7,11,143",Phunde Lal Singh Marko,,INC,"3,13,803",27.24,397340
,13,Jabalpur,Ashish Dubey,,BJP,68.2,"7,90,133",Dinesh Yadav,,INC,"3,03,459",26.19,486674
,14,Mandla,Faggan Singh Kulaste,,BJP,48.93,"7,51,375",Omkar Singh Markam,,INC,"6,47,529",42.17,103846
,15,Balaghat,Bharti Pardhi,,BJP,51.56,"7,12,660",Samrat Ashok Singh Saraswar,,INC,"5,38,148",38.93,174512
,16,Chhindwara,Bunty Vivek Sahu,,BJP,49.41,"6,44,738",Nakul Nath,,INC,"5,31,120",40.7,113618
,17,Hoshangabad,Darshan Singh Choudhary,,BJP,64.99,"8,12,147",Sanjay Sharma,,INC,"3,80,451",30.44,431696
,18,Vidisha,Shivraj Singh Chouhan,,BJP,76.7,"11,16,460",Pratapbhanu Sharma,,INC,"2,95,052",20.27,821408
,19,Bhopal,Alok Sharma,,BJP,65.48,"9,81,109",Arun Shrivastava,,INC,"4,79,610",32.01,501499
,20,Rajgarh,Rodmal Nagar,,BJP,53.1,"7,58,743",Digvijaya Singh,,INC,"6,12,654",42.87,146089
,21,Dewas,Mahendra Singh Solanky,,BJP,63.23,"9,28,941",Rajendra Radhakishan Malviya,,INC,"5,03,716",34.29,425225
,22,Ujjain,Anil Firojiya,,BJP,62.93,"8,36,104",Mahesh Parmar,,INC,"4,60,244",34.64,375860
,23,Mandsaur,Sudheer Gupta,,BJP,65.98,"9,45,761",Dilip Singh Gurjar,,INC,"4,45,106",31.05,500655
,24,Ratlam,Anita Nagarsingh Chouhan,,BJP,51.93,"7,95,863",Kantilal Bhuria,,INC,"5,88,631",38.41,207232
,25,Dhar,Savitri Thakur,,BJP,55.75,"7,94,449",Radheshyam Muvel,,INC,"5,75,784",40.4,218665
,26,Indore,Shankar Lalwani,,BJP,78.54,"12,26,751",Sanjay Laxman Solanki,,BSP,"51, 659",3.31,1175092
,27,Khargone,Gajendra Singh Patel,,BJP,52.6,"8,19,863",Porlal Batha Kharte,,INC,"6,84,845",43.93,135018
,28,Khandwa,Gyaneswar Patil,,BJP,57.04,"8,62,679",Narendra Patel,,INC,"5,92,708",39.19,269971
,29,Betul,Durga Das Uikey,,BJP,60.76,"8,48,236",Ramu Tekam,,INC,"4,68,475",33.56,379761
Maharashtra,1,Nandurbar,Gowaal Kagada Padavi,,INC,53.53,"7,45,998",Dr Heena Vijaykumar Gavit,,BJP,"5,86,878",42.11,159120
,2,Dhule,Bachhav Shobha Dinesh,,INC,47.89,"5,83,866",Subhash Bhamre,,BJP,"5,80,035",47.57,3831
,3,Jalgaon,Smita Wagh,,BJP,57.67,"6,74,428",Karan Pawar,,SS(UBT),"4,22,834",36.15,251594
,4,Raver,Raksha Khadse,,BJP,53.84,"6,30,879",Shriram Dayaram Patil,,NCP-SP,"3,58,696",30.61,272183
,5,Buldhana,Prataprao Ganpatrao Jadhav,,SS,31.53,"3,49,867",Narendra Khedekar,,SS(UBT),"3,20,388",28.88,29479
,6,Akola,Anup Dhotre,,BJP,38.96,"4,57,030",Abhay Kashinath Patil,,INC,"4,16,404",35.5,40626
,7,Amravati,Balwant Baswant Wankhade,,INC,44.84,"5,26,271",Navneet Kaur Rana,,BJP,"5,06,540",43.16,19731
,8,Wardha,Amar Sharadrao Kale,,NCP-SP,48.68,"5,33,106",Ramdas Tadas,,BJP,"4,51,458",41.23,81648
,9,Ramtek,Shyamkumar Barve,,INC,48.94,"6,13,025",Raju Deonath Parve,,SS,"5,36,257",42.81,76768
,10,Nagpur,Nitin Gadkari,,BJP,54.08,"6,55,027",Vikas Thakre,,INC,"5,17,424",42.72,137603
,11,Bhandara-Gondiya,Prashant Yadaorao Padole,,INC,47.56,"5,87,413",Sunil Baburao Mendhe,,BJP,"5,50,033",44.53,37380
,12,Gadchiroli-Chimur,Kirsan Namdeo,,INC,52.97,"6,17,792",Ashok Mahadeorao Nete,,BJP,"4,76,096",40.82,141696
,13,Chandrapur,Pratibha Dhanorkar,,INC,57.88,"7,18,410",Sudhir Mungantiwar,,BJP,"4,58,004",36.9,260406
,14,Yavatmal-Washim,Sanjay Uttamrao Deshmukh,,SS(UBT),48.53,"5,94,807",Rajshritai Hemant Patil,,SS,"5,00,334",40.83,94473
,15,Hingoli,Nagesh Bapurao Patil Ashtikar,,SS(UBT),42.49,"4,92,535",Baburao Kadam Kohalikar,,SS,"3,83,933",33.12,108602
,16,Nanded,Vasantrao Balwantrao Chavan,,INC,46.88,"5,28,894",Prataprao Govindrao Chikhalikar,,BJP,"4,69,452",41.61,59442
,17,Parbhani,Sanjay Jadhav,,SS(UBT),45.17,"6,01,343",Mahadev Jankar,,RSPS,"4,67,282",35.1,134061
,18,Jalna,Kalyan Vaijinathrao Kale,,INC,44.59,"6,07,897",Raosaheb Dadarao Danve,,BJP,"4,97,939",36.52,109958
,19,Aurangabad,Sandipanrao Bhumre,,SS,36.56,"4,76,130",Imtiyaz Jaleel,,AIMIM,"3,41,480",26.22,134650
,20,Dindori,Bhaskar Murlidhar Bhagare,,NCP-SP,46.53,"5,77,339",Bharati Pawar,,BJP,"4,64,140",37.4,113199
,21,Nashik,Rajabhau Waje,,SS(UBT),49.85,"6,16,729",Hemant Tukaram Godse,,SS,"4,54,728",36.75,162001
,22,Palghar,Hemant Vishnu Savara,,BJP,43.69,"6,01,244",Bharti Bharat Kamdi,,SS(UBT),"4,17,938",30.37,183306
,23,Bhiwandi,Suresh Mhatre,,NCP-SP,39.85,"4,99,464",Kapil Moreshwar Patil,,BJP,"4,33,343",34.57,66121
,24,Kalyan,Shrikant Shinde,,SS,56.38,"5,89,636",Vaishali Darekar,,SS(UBT),"3,80,492",36.39,209144
,25,Thane,Naresh Mhaske,,SS,56.09,"7,34,231",Rajan Vichare,,SS(UBT),"5,17,220",39.51,217011
,26,Mumbai North,Piyush Goyal,,BJP,65.68,"6,80,146",Bhushan Patil,,INC,"3,22,538",31.15,357608
,27,Mumbai North West,Ravindra Waikar,,SS,47.4,"4,52,644",Amol Kirtikar,,SS(UBT),"4,52,596",47.395,48
,28,Mumbai North East,Sanjay Dina Patil,,SS(UBT),48.67,"4,50,937",Mihir Kotecha,,BJP,"4,21,076",45.45,29861
,29,Mumbai North Central,Varsha Gaikwad,,INC,48.93,"4,45,545",Ujjwal Nikam,,BJP,"4,29,031",47.12,16514
,30,Mumbai South Central,Anil Desai,,SS(UBT),49.73,"3,95,138",Rahul Ramesh Shewale,,SS,"3,41,754",43.01,53384
,31,Mumbai South,Arvind Sawant,,SS(UBT),51.18,"3,95,655",Yamini Jadhav,,SS,"3,42,982",44.36,52673
,32,Raigad,Sunil Tatkare,,NCP,50.17,"5,08,352",Anant Geete,,SS(UBT),"4,25,568",42,82784
,33,Maval,Shrirang Barne,,SS,48.81,"6,92,832",Sanjog Bhiku Waghere Patil,,SS(UBT),"5,96,217",42,96615
,34,Pune,Murlidhar Mohol,,BJP,52.94,"5,84,728",Ravindra Hemraj Dhangekar,,INC,"4,61,690",41.8,123038
,35,Baramati,Supriya Sule,,NCP-SP,51.85,"7,32,312",Sunetra Pawar,,NCP,"5,73,979",40.64,158333
,36,Shirur,Amol Kolhe,,NCP-SP,50.83,"6,98,692",Shivajirao Adhalarao Patil,,NCP,"5,57,741",40.58,140951
,37,Ahmednagar,Nilesh Dnyandev Lanke,,NCP-SP,47.14,"6,24,797",Sujay Vikhe Patil,,BJP,"5,95,868",44.95,28929
,38,Shirdi,Bhausaheb Rajaram Wakchaure,,SS(UBT),45,"4,76,900",Sadashiv Lokhande,,SS,"4,26,371",40.23,50529
,39,Beed,Bajrang Manohar Sonwane,,NCP-SP,44.5,"6,83,950",Pankaja Munde,,BJP,"6,77,397",44.93,6553
,40,Osmanabad,Omprakash Rajenimbalkar,,SS(UBT),58.45,"7,48,752",Archana Patil,,NCP,"4,18,906",32.7,329846
,41,Latur,Kalge Shivaji Bandappa,,INC,49.15,"6,09,021",Sudhakar Tukaram Shrangare,,BJP,"5,47,140",44.16,61881
,42,Solapur,Praniti Shinde,,INC,51.49,"6,20,225",Ram Satpute,,BJP,"5,46,028",45.33,74197
,43,Madha,Dhairyasheel Patil,,NCP-SP,48.86,"6,22,213",Ranjit Naik-Nimbalkar,,BJP,"5,01,376",39.37,120837
,44,Sangli,Vishal Prakashbapu Patil,,IND,48.91,"5,71,666",Sanjay Patil,,BJP,"4,71,613",40.35,100053
,45,Satara,Shrimant Chhatrapati Udayanraje Pratapsinhmaharaj Bhonsle,,BJP,47.67,"5,71,134",Shashikant Shinde,,NCP-SP,"5,38,363",44.94,32771
,46,Ratnagiri-Sindhudurg,Narayan Rane,,BJP,49.07,"4,48,514",Vinayak Raut,,SS(UBT),"4,00,656",43.83,47858
,47,Kolhapur,Chhatrapati Shahuji Maharaj,,INC,54.15,"7,54,522",Sanjay Mandlik,,SS,"5,99,558",43.03,154964
,48,Hatkanangle,Dhairyasheel Sambhajirao Mane,,SS,40.14,"5,20,190",Satyajeet Patil,,SS(UBT),"5,06,764",39.1,13426
Manipur,1,Inner Manipur,Angomcha Bimol Akoijam,,INC,46.93,"3,74,017",Thounaojam Basanta Kumar Singh,,BJP,"2,64,216",33.16,109801
,2,Outer Manipur,Alfred Kan-Ngam Arthur,,INC,48.32,"3,84,954",Kachui Timothy Zimik,,NPF,"2,99,536",37.6,85418
Meghalaya,1,Shillong,Ricky AJ Syngkon,,VPP,55.02,"5,71,078",Vincent H. Pala,,INC,"1,99,168",19.19,371910
,2,Tura,Saleng A. Sangma,,INC,56.96,"3,83,919",Agatha Sangma,,NPP,"2,28,678",33.93,155241
Mizoram,1,Mizoram,Richard Vanlalhmangaiha,,ZPM,42.45,"2,08,552",K. Vanlalvena,,MNF,"1,40,264",28.55,68288
Nagaland,1,Nagaland,S. Supongmeren Jamir,,INC,52.83,"4,01,951",Chumben Murry,,NDPP,"3,50,967",46.13,50984
Odisha,1,Bargarh,Pradeep Purohit,,BJP,54.69,"7,16,359",Parinita Mishra,,BJD,"4,64,692",35.48,251667
,2,Sundargarh,Jual Oram,,BJP,42.77,"4,94,282",Dilip Kumar Tirkey,,BJD,"3,55,474",30.76,138808
,3,Sambalpur,Dharmendra Pradhan,,BJP,49.48,"5,92,162",Pranab Prakash Das,,BJD,"4,72,326",39.47,119836
,4,Keonjhar,Ananta Nayak,,BJP,45.67,"5,73,923",Dhanurjaya Sidu,,BJD,"4,76,881",37.95,97042
,5,Mayurbhanj,Naba Charan Majhi,,BJP,49.91,"5,85,971",Sudam Marndi,,BJD,"3,66,637",31.23,219334
,6,Balasore,Pratap Chandra Sarangi,,BJP,45.49,"5,63,865",Lekhasri Samantsinghar,,BJD,"4,16,709",33.62,147156
,7,Bhadrak,Avimanyu Sethi,,BJP,44.19,"5,73,319",Manjulata Mandal,,BJD,"4,81,775",37.13,91544
,8,Jajpur,Rabindra Narayan Behera,,BJP,46.01,"5,34,239",Sarmistha Sethi,,BJD,"5,32,652",45.87,1587
,9,Dhenkanal,Rudra Narayan Pany,,BJP,50.24,"5,98,721",Abinash Samal,,BJD,"5,22,154",43.82,76567
,10,Bolangir,Sangeeta Kumari Singh Deo,,BJP,44.12,"6,17,744",Surendra Singh Bhoi,,BJD,"4,85,080",34.64,132664
,11,Kalahandi,Malvika Devi,,BJP,40.79,"5,44,303",Lambodar Nial,,BJD,"4,10,490",30.77,133813
,12,Nabarangpur,Balabhadra Majhi,,BJP,38.74,"4,81,396",Pradeep Kumar Majhi,,BJD,"3,93,860",31.7,87536
,13,Kandhamal,Sukanta Kumar Panigrahi,,BJP,41.8,"4,16,415",Achyutananda Samanta,,BJD,"3,95,044",39.66,21371
,14,Cuttack,Bhartruhari Mahtab,,BJP,47.43,"5,31,601",Santrupt Misra,,BJD,"4,74,524",42.34,57077
,15,Kendrapara,Baijayant Panda,,BJP,48.21,"6,15,705",Anshuman Mohanty,,BJD,"5,49,169",43,66536
,16,Jagatsinghpur,Bibhu Prasad Tarai,,BJP,45.8,"5,89,093",Rajashree Mallick,,BJD,"5,48,397",42.63,40696
,17,Puri,Sambit Patra,,BJP,52.58,"6,29,330",Arup Patnaik,,BJD,"5,24,621",43.83,104709
,18,Bhubaneswar,Aparajita Sarangi,,BJP,47.36,"5,12,519",Manmath Kumar Routray,,BJD,"4,77,367",44.11,35152
,19,Aska,Anita Subhadarshini,,BJP,48.55,"4,94,226",Ranjita Sahu,,BJD,"3,94,252",38.73,99974
,20,Berhampur,Pradeep Kumar Panigrahy,,BJP,49.2,"5,13,102",Bhrugu Baxipatra,,BJD,"3,47,626",33.33,165476
,21,Koraput,Saptagiri Sankar Ulaka,,INC,41.03,"4,71,393",Kausalya Hikaka,,BJD,"3,23,649",28.17,147744
Puducherry,1,Puducherry,V. Vaithilingam,,INC,52.73,"4,26,005",A. Namassivayam,,BJP,"2,89,489",35.83,136516
Punjab,1,Gurdaspur,Sukhjinder Singh Randhawa,,INC,33.78,"3,64,043",Dinesh Singh,,BJP,"2,81,182",26.09,82861
,2,Amritsar,Gurjeet Singh Aujla,,INC,28.18,"2,55,181",Kuldeep Singh Dhaliwal,,AAP,"2,14,880",23.73,40301
,3,Khadoor Sahib,Amritpal Singh,,IND,38.62,"4,04,430",Kulbir Singh Zira,,INC,"2,07,310",19.8,"1,97,120"
,4,Jalandhar,Charanjit Singh Channi,,INC,39.43,"3,90,053",Sushil Kumar Rinku,,BJP,"2,14,060",21.64,"1,75,993"
,5,Hoshiarpur,Raj Kumar Chabbewal,,AAP,32.04,"3,03,859",Yamini Gomar,,INC,"2,59,748",27.39,44111
,6,Anandpur Sahib,Malvinder Singh Kang,,AAP,29.08,"3,13,217",Vijay Inder Singla,,INC,"3,02,371",28.07,10846
,7,Ludhiana,Amrinder Singh Raja Warring,,INC,30.42,"3,22,224",Ravneet Singh Bittu,,BJP,"3,01,282",28.45,20942
,8,Fatehgarh Sahib,Amar Singh,,INC,34.14,"3,32,591",Gurpreet Singh GP,,AAP,"2,98,389",30.63,34202
,9,Faridkot,Sarabjeet Singh Khalsa,,IND,29.38,"2,98,062",Karamjit Anmol,,AAP,"2,28,009",22.48,70053
,10,Ferozpur,Sher Singh Ghubaya,,INC,23.7,"2,66,626",Jagdeep Singh Kaka Brar,,AAP,"2,63,384",23.41,3242
,11,Bathinda,Harsimrat Kaur Badal,,SAD,32.71,"3,76,558",Gurmeet Singh Khuddian,,AAP,"3,26,902",28.4,49656
,12,Sangrur,Gurmeet Singh Meet Hayer,,AAP,36.06,"3,64,085",Sukhpal Singh Khaira,,INC,"1,91,525",18.97,"1,72,560"
,13,Patiala,Dharamvira Gandhi,,INC,26.54,"3,05,616",Balbir Singh,,AAP,"2,90,785",25.25,14831
Rajasthan,1,Ganganagar,Kuldeep Indora,,INC,51.4,"7,26,492",Priyanka Balan Meghwal,,BJP,"6,38,339",45.16,88153
,2,Bikaner,Arjun Ram Meghwal,,BJP,50.68,"5,66,737",Govind Ram Meghwal,,INC,"5,11,026",45.67,55711
,3,Churu,Rahul Kaswan,,INC,51.12,"7,28,211",Devendra Jhajharia,,BJP,"6,55,474",46.01,72737
,4,Jhunjhunu,Brijendra Singh Ola,,INC,49.44,"5,53,168",Shubhkaran Choudhary,,BJP,"5,34,933",47.81,18235
,5,Sikar,Amra Ram,,CPI(M),50.68,"6,59,300",Sumedhanand Saraswati,,BJP,"5,86,404",45.08,72896
,6,Jaipur Rural,Rao Rajendra Singh,,BJP,48.96,"6,17,877",Anil Chopra,,INC,"6,16,262",48.83,1615
,7,Jaipur,Manju Sharma,,BJP,60.61,"8,86,850",Pratap Singh Khachariyawas,,INC,"5,55,083",37.93,331767
,8,Alwar,Bhupender Yadav,,BJP,50.42,"6,31,992",Lalit Yadav,,INC,"5,83,710",46.57,48282
,9,Bharatpur,Sanjana Jatav,,INC,51.18,"5,79,890",Ramswaroop Koli,,BJP,"5,27,907",46.59,51983
,10,Karauli–Dholp,Bhajan Lal Jatav,,INC,53.64,"5,30,011",Indu Devi,,BJP,"4,31,066",43.62,98945
,11,Dausa,Murari Lal Meena,,INC,60.24,"6,46,266",Kanhaiya Lal Meena,,BJP,"4,08,926",38.12,237340
,12,Tonk–Sawai Madhop,Harish Chandra Meena,,INC,50.85,"6,23,763",Sukhbir Singh Jaunapuria,,BJP,"5,58,814",45.56,64949
,13,Ajmer,Bhagirath Choudhary,,BJP,62.23,"7,47,462",Ramchandra Choudhary,,INC,"4,17,471",34.76,329991
,14,Nagaur,Hanuman Beniwal,,RLP,48.2,"5,96,955",Jyoti Mirdha,,BJP,"5,54,730",44.79,42225
,15,Pali,P. P. Chaudhary,,BJP,55.94,"7,57,389",Sangeeta Beniwal,,INC,"5,12,038",37.82,245351
,16,Jodhpur,Gajendra Singh Shekhawat,,BJP,52.76,"7,30,056",Karan Singh Unchiyarda,,INC,"6,14,379",44.4,115677
,17,Barmer,Ummeda Ram Beniwal,,INC,41.74,"7,04,676",Ravindra Singh Bhati,,IND,"5,86,500",34.74,118176
,18,Jalore,Lumbaram Choudhary,,BJP,54.91,"7,96,783",Vaibhav Gehlot,,INC,"5,95,240",41.02,201543
,19,Udaipur,Manna Lal Rawat,,BJP,49.27,"7,38,286",Tarachand Meena,,INC,"4,76,678",31.81,261608
,20,Banswara,Rajkumar Roat,,BAP,50.15,"8,20,831",Mahendrajeet Singh Malviya,,BJP,"5,73,777",35.05,247054
,21,Chittorgarh,Chandra Prakash Joshi,,BJP,59.26,"8,88,202",Udailal Anjana,,INC,"4,98,325",33.25,389877
,22,Rajsamand,Mahima Kumari Mewar,,BJP,64.4,"7,81,203",Damodar Gurjar,,INC,"3,88,980",32.06,392223
,23,Bhilwara,Damodar Agarwal,,BJP,61.92,"8,07,640",C. P. Joshi,,INC,"4,53,034",34.73,354606
,24,Kota,Om Birla,,BJP,50.03,"7,50,496",Prahlad Gunjal,,INC,"7,08,522",47.23,41974
,25,Jhalawar–Bar,Dushyant Singh,,BJP,60.88,"8,65,376",Urmila Jain,,INC,"4,94,387",34.78,370989
Sikkim,1,Sikkim,Indra Hang Subba,,SKM,42.71,"1,64,396",Bharat Basnett,,CAP,83566,21.71,164396
Tamil Nadu,1,Thiruvallur,Sasikanth Senthil,,INC,56.21,"7,96,956",V. Pon Balaganapathy,,BJP,"2,24,801",15.86,572155
,2,Chennai North,Kalanidhi Veeraswamy,,DMK,55.11,"4,97,333",R. Manohar,,AIADMK,"1,58,111",17.52,339222
,3,Chennai South,Thamizhachi Thangapandian,,DMK,47,"5,16,628",Tamilisai Soundararajan,,BJP,"2,90,683",26.44,225945
,4,Chennai Central,Dayanidhi Maran,,DMK,56.65,"4,13,848",Vinoj,,BJP,"1,69,159",23.16,244689
,5,Sriperumbudur,T. R. Baalu,,DMK,52.65,"7,58,611",G. Premkumar,,AIADMK,"2,71,582",18.85,487029
,6,Kancheepuram,G. Selvam,,DMK,46.53,"5,86,044",Rajasekar E.,,AIADMK,"3,64,571",28.94,221473
,7,Arakkonam,S. Jagathrakshakan,,DMK,48.39,"5,63,216",L. Vijayan,,AIADMK,"2,56,657",22.05,306559
,8,Vellore,Kathir Anand,,DMK,50.35,"5,68,692",A. C. Shanmugam,,BJP,"3,52,990",31.25,215702
,9,Krishnagiri,K. Gopinath,,INC,42.27,"4,92,883",V. Jayaprakash,,AIADMK,"3,00,397",25.76,192486
,10,Dharmapuri,A. Mani,,DMK,34.67,"4,32,667",Sowmiya Anbumani,,PMK,"4,11,367",32.97,21300
,11,Tiruvannamalai,C. N. Annadurai,,DMK,47.75,"5,47,379",M. Kaliyaperumal,,AIADMK,"3,13,448",27.34,233931
,12,Arani,M.S. Tharanivendhan,,DMK,43.86,"5,00,099",G. V. Gajendran,,AIADMK,"2,91,333",25.55,208766
,13,Villupuram,D. Ravikumar,,VCK,41.39,"4,77,033",J. Bhagyaraj,,AIADMK,"4,06,330",35.25,70703
,14,Kallakurichi,Malaiyarasan D,,DMK,44.94,"5,61,589",R. Kumaraguru,,AIADMK,"5,07,805",40.64,53784
,15,Salem,T. M. Selvaganapathi,,DMK,43.38,"5,66,085",P. Vignesh,,AIADMK,"4,95,728",37.99,70357
,16,Namakkal,V. S. Matheswaran,,DMK,40.31,"4,62,036",S. Tamilmani,,AIADMK,"4,32,924",37.77,29112
,17,Erode,K. E. Prakash,,DMK,51.43,"5,62,339",Ashok Kumar,,AIADMK,"3,25,773",29.79,236566
,18,Tiruppur,K. Subbarayan,,CPI,41.38,"4,72,739",P. Arunachalam,,AIADMK,"3,46,811",30.35,125928
,19,Nilgiris,A. Raja,,DMK,46.44,"4,73,212",L. Murugan,,BJP,"2,32,627",22.83,240585
,20,Coimbatore,Ganapathi P. Rajkumar,,DMK,41.39,"5,68,200",K. Annamalai [ta,,BJP,"4,50,132",32.79,118068
,21,Pollachi,Eswarasamy,,DMK,47.37,"5,33,377",A. Karthikeyan,,AIADMK,"2,81,335",24.98,252042
,22,Dindigul,R. Sachidanandam,,CPI(M),58.29,"6,70,149",M. A. Mohamed Mubarak,,AIADMK,"2,26,328",19.69,443821
,23,Karur,Jothimani,,INC,47.25,"5,34,906",L. Thangavel,,AIADMK,"3,68,090",32.52,166816
,24,Tiruchirappalli,Durai Vaiko,,MDMK,51.35,"5,42,213",P. Karuppaiah,,AIADMK,"2,29,119",21.7,313094
,25,Perambalur,Arun Nehru,,DMK,53.42,"6,03,209",N. D. Chandramohan,,AIADMK,"2,14,102",18.96,389107
,26,Cuddalore,M. K. Vishnu Prasad,,INC,44.11,"4,55,053",P. Sivakozhundu,,DMDK,"2,69,157",26.09,185896
,27,Chidambaram,Thol. Thirumavalavan,,VCK,43.28,"5,05,084",M. Chandrahasan,,AIADMK,"4,01,530",34.4,103554
,28,Mayiladuthurai,Sudha Ramakrishnan,,INC,47.67,"5,18,459",P. Babu,,AIADMK,"2,47,276",22.73,271183
,29,Nagapattinam,V. Selvaraj,,CPI,47.79,"4,65,044",G. Sursith Sankar,,AIADMK,"2,56,087",26.49,208957
,30,Thanjavur,S. Murasoli,,DMK,48.82,"5,02,245",P. Sivanesan,,DMDK,"1,82,662",17.76,319583
,31,Sivaganga,Karti Chidambaram,,INC,40.6,"4,27,677",A. Xavierdass,,AIADMK,"2,22,013",21.08,205664
,32,Madurai,S. Venkatesan,,CPI(M),43.6,"4,30,323",Raama Sreenivasan,,BJP,"2,20,914",22.38,209409
,33,Theni,Thanga Tamil Selvan,,DMK,50.08,"5,71,493",T. T. V. Dhinakaran,,AMMK,"2,92,668",25.65,278825
,34,Virudhunagar,Manickam Tagore,,INC,36.28,"3,85,256",V. Vijayaprabhakaran,,DMDK,"3,80,877",35.87,4379
,35,Ramanathapuram,Kani K. Navas,,IUML,45.92,"5,09,664",O. Paneerselvam,,IND,"3,42,882",30.89,166782
,36,Thoothukudi,Kanimozhi,,DMK,55.26,"5,40,729",R. Velumany Sivasamy,,AIADMK,"1,47,991",15.12,392738
,37,Tenkasi,Rani Srikumar,,DMK,40.97,"4,25,679",K. Krishnasamy,,AIADMK,"2,29,480",22.08,196199
,38,Tirunelveli,C. Robert Bruce,,INC,47.06,"5,02,296",Nainar Nagenthran,,BJP,"3,36,676",31.54,165620
,39,Kanniyakumari,Vijay Vasanth,,INC,53.08,"5,46,248",Pon Radhakrishnan,,BJP,"3,66,341",35.6,179907
Telangana,1,Adilabad,Godam Nagesh,,BJP,45.98,"5,68,168",Athram Suguna,,INC,"4,77,516",38.65,90652
,2,Peddapalli,Vamsi Krishna Gaddam,,INC,43.42,"4,75,587",Srinivas Gomase,,BJP,"3,44,223",31.43,131364
,3,Karimnagar,Bandi Sanjay Kumar,,BJP,44.57,"5,85,116",Velchala Rajender Rao,,INC,"3,59,907",27.41,225209
,4,Nizamabad,Arvind Dharmapuri,,BJP,48.02,"5,92,318",T. Jeevan Reddy,,INC,"4,83,077",39.16,109241
,5,Zahirabad,Suresh Kumar Shetkar,,INC,42.73,"5,28,418",B. B. Patil,,BJP,"4,82,230",39,46188
,6,Medak,Raghunandan Rao,,BJP,33.99,"4,71,217",Neelam Madhu,,INC,"4,32,078",31.17,39139
,7,Malkajgiri,Etela Rajender,,BJP,51.25,"9,91,042",Patnam Suneetha Mahender Reddy,,INC,"5,99,567",31,391475
,8,Secunderabad,G. Kishan Reddy,,BJP,45.15,"4,73,012",Danam Nagender,,INC,"4,23,068",40.38,49944
,9,Hyderabad,Asaduddin Owaisi,,AIMIM,61.28,"6,61,981",Kompella Madhavi Latha,,BJP,"3,23,894",29.98,338087
,10,Chevella,Konda Vishweshwar Reddy,,BJP,48.34,"8,09,882",G. Ranjith Reddy,,INC,"6,36,985",38.02,172897
,11,Mahbubnagar,D. K. Aruna,,BJP,41.66,"5,10,747",Challa Vamshi Chand Reddy,,INC,"5,06,247",41.29,4500
,12,Nagarkurnool,Mallu Ravi,,INC,38.14,"4,65,072",Bharath Prasad Pothuganti,,BJP,"3,70,658",30.4,94414
,13,Nalgonda,Kunduru Raghuveer,,INC,60.5,"7,84,337",Shanampudi Saidireddy,,BJP,"2,24,432",17.31,559905
,14,Bhongir,Chamala Kiran Kumar Reddy,,INC,44.89,"6,29,143",Boora Narsaiah Goud,,BJP,"4,06,973",29.04,222170
,15,Warangal,Kadiyam Kavya,,INC,45.85,"5,81,294",Aroori Ramesh,,BJP,"3,60,955",28.47,220339
,16,Mahabubabad,Balram Naik Porika,,INC,55.27,"6,12,774",Kavitha Maloth,,BRS,"2,63,609",23.77,349165
,17,Khammam,Ramasahayam Raghuram Reddy,,INC,61.29,"7,66,929",Nama Nageswara Rao,,BRS,"2,99,082",23.9,467847
Tripura,1,Tripura West,Biplab Kumar Deb,,BJP,72.85,"8,81,341",Ashish Kumar Saha,,INC,"2,69,763",22.3,611578
,2,Tripura East,Kriti Devi Debbarman,,BJP,68.54,"7,77,447",Rajendra Reang,,CPI(M),"2,90,628",25.62,486819
Uttar Pradesh,1,Saharanpur,Imran Masood,,INC,44.57,"5,47,967",Raghav Lakhanpal,,BJP,"4,83,425",39.32,64542
,2,Kairana,Iqra Choudhary,,SP,48.9,"5,28,013",Pradeep Choudhary,,BJP,"4,58,897",42.5,69116
,3,Muzaffarnagar,Harendra Singh Malik,,SP,43.64,"4,70,721",Sanjeev Kumar Balyan,,BJP,"4,46,049",41.35,24672
,4,Bijnor,Chandan Chauhan,,RLD,39.48,"4,04,493",Deepak,,SP,"3,66,985",35.82,37508
,5,Nagina,Chandrashekhar,,ASP(KR),51.19,"5,12,552",Om Kumar,,BJP,"3,61,079",36.06,151473
,6,Moradabad,Ruchi Vira,,SP,49.67,"6,37,363",Kunwar Sarvesh Kumar Singh,,BJP,"5,31,601",41.43,105762
,7,Rampur,Mohibbullah,,SP,49.74,"4,81,503",Ghanshyam Singh Lodhi,,BJP,"3,94,069",40.71,87434
,8,Sambhal,Zia ur Rahman Barq,,SP,47.8,"5,71,161",Parmeshwar Lal Saini,,BJP,"4,49,667",37.63,121494
,9,Amroha,Kanwar Singh Tanwar,,BJP,42.9,"4,76,506",Kunwar Danish Ali,,INC,"4,47,836",40.32,28670
,10,Meerut,Arun Govil,,BJP,46.21,"5,46,469",Sunita Verma,,SP,"5,35,884",45.32,10585
,11,Baghpat,Rajkumar Sangwan,,RLD,52.36,"4,88,967",Amarpal Sharma,,SP,"3,29,508",35.29,159459
,12,Ghaziabad,Atul Garg,,BJP,58.09,"8,54,170",Dolly Sharma,,INC,"5,17,205",35.17,336965
,13,Gautam Buddh Nagar,Mahesh Sharma,,BJP,59.69,"8,57,829",Mahendra Singh Nagar,,SP,"2,98,357",20.76,559472
,14,Bulandshahr,Bhola Singh,,BJP,56.65,"5,97,310",Shivram,,INC,"3,22,176",30.56,275134
,15,Aligarh,Satish Kumar Gautam,,BJP,44.28,"5,01,834",Bijendra Singh,,SP,"4,86,187",42.9,15647
,16,Hathras,Anoop Pradhan,,BJP,51.24,"5,54,746",Jasveer Valmiki,,SP,"3,07,428",28.39,247318
,17,Mathura,Hema Malini,,BJP,53.3,"5,10,064",Mukesh Dhangar,,INC,"2,16,657",22.64,293407
,18,Agra,S. P. Singh Baghel,,BJP,53.34,"5,99,397",Suresh Chand Kardam,,SP,"3,28,103",29.2,271294
,19,Fatehpur Sikri,Rajkumar Chahar,,BJP,43.09,"4,45,657",Ramnath Singh Sikarwar,,INC,"4,02,252",38.9,43405
,20,Firozabad,Akshay Yadav,,SP,49.04,"5,43,037",Vishwadeep Singh,,BJP,"4,53,725",40.98,89312
,21,Mainpuri,Dimple Yadav,,SP,56.79,"5,98,526",Jaiveer Singh,,BJP,"3,76,887",35.76,221639
,22,Etah,Devesh Shakya,,SP,47.09,"4,75,808",Rajveer Singh,,BJP,"4,47,756",44.32,28052
,23,Badaun,Aditya Yadav,,SP,45.97,"5,01,855",Durvijay Singh Shakya,,BJP,"4,66,864",42.76,34991
,24,Aonla,Neeraj Maurya,,SP,45.23,"4,92,515",Dharmendra Kashyap,,BJP,"4,76,546",43.76,15969
,25,Bareilly,Chhatrapal Singh Gangwar,,BJP,50.66,"5,67,127",Praveen Singh Aron,,SP,"5,32,323",47.55,34804
,26,Pilibhit,Jitin Prasad,,BJP,52.3,"6,07,158",Bhagwat Saran Gangwar,,SP,"4,42,223",38.09,164935
,27,Shahjahanpur,Arun Kumar Sagar,,BJP,47.5,"5,92,718",Jyotsna Gond,,SP,"5,37,339",43.06,55379
,28,Kheri,Utkarsh Verma,,SP,45.94,"5,57,365",Ajay Mishra Teni,,BJP,"5,23,036",43.11,34329
,29,Dhaurahra,Anand Bhadauriya,,SP,39.91,"4,43,743",Rekha Verma,,BJP,"4,39,294",39.51,4449
,30,Sitapur,Rakesh Rathore,,INC,48.2,"5,31,138",Rajesh Verma (politician),,BJP,"4,41,497",40.06,89641
,31,Hardoi,Jai Prakash,,BJP,44.25,"4,86,798",Usha Verma,,SP,"4,58,942",41.72,27856
,32,Misrikh,Ashok Kumar Rawat,,BJP,45.15,"4,75,016",Sangita Rajvanshi,,SP,"4,41,610",41.98,33406
,33,Unnao,Sakshi Maharaj,,BJP,47.31,"6,16,133",Annu Tandon,,SP,"5,80,315",44.56,35818
,34,Mohanlalganj,R. K. Chaudhary,,SP,48.49,"6,67,869",Kaushal Kishore,,BJP,"5,97,577",43.38,70292
,35,Lucknow,Rajnath Singh,,BJP,53.89,"6,12,709",Ravidas Mehrotra,,SP,"4,77,550",42,135159
,36,Rae Bareli,Rahul Gandhi,,INC,66.17,"6,87,649",Dinesh Pratap Singh,,BJP,"2,97,619",28.64,390030
,37,Amethi,Kishori Lal Sharma,,INC,54.99,"5,39,228",Smriti Irani,,BJP,"3,72,032",37.94,167196
,38,Sultanpur,Rambhual Nishad,,SP,43,"4,44,330",Maneka Gandhi,,BJP,"4,01,156",38.82,43174
,39,Pratapgarh,Shiv Pal Singh Patel,,SP,46.65,"4,41,932",Sangam Lal Gupta,,BJP,"3,75,726",39.66,66206
,40,Farrukhabad,Mukesh Rajput,,BJP,47.2,"4,87,963",Naval Kishore Shakya,,SP,"4,85,285",46.94,2678
,41,Etawah,Jitendra Kumar Dohare,,SP,47.47,"4,90,747",Ram Shankar Katheria,,BJP,"4,32,328",41.82,58419
,42,Kannauj,Akhilesh Yadav,,SP,52.74,"6,42,292",Subrat Pathak,,BJP,"4,71,370",38.71,170922
,43,Kanpur Urban,Ramesh Awasthi,,BJP,49.93,"4,43,055",Alok Mishra,,INC,"4,22,087",47.56,20968
,44,Akbarpur,Devendra Singh,,BJP,47.6,"5,17,423",Raja Ram Pal,,SP,"4,73,078",43.52,44345
,45,Jalaun,Narayan Das Ahirwar,,SP,46.96,"5,30,180",Bhanu Pratap Singh Verma,,BJP,"4,76,282",42.19,53898
,46,Jhansi,Anurag Sharma,,BJP,50,"6,90,316",Pradeep Jain Aditya,,INC,"5,87,702",42.57,102614
,47,Hamirpur,Ajendra Singh Lodhi,,SP,44,"4,90,683",Kunwar Pushpendra Singh Chandel,,BJP,"4,88,054",43.76,2629
,48,Banda,Krishna Devi Shivshanker Patel,,SP,38.94,"4,06,567",R. K. Singh Patel,,BJP,"3,35,357",32.12,71210
,49,Fatehpur,Naresh Uttam Patel,,SP,45.2,"5,00,328",Niranjan Jyoti,,BJP,"4,67,129",42.2,33199
,50,Kaushambi,Pushpendra Saroj,,SP,50.51,"5,09,787",Vinod Kumar Sonkar,,BJP,"4,05,843",40.21,103944
,51,Phulpur,Praveen Patel,,BJP,44.6,"4,52,600",Amarnath Singh Maurya,,SP,"4,48,268",44.17,4332
,52,Allahabad,Ujjwal Raman Singh,,INC,48.8,"4,62,145",Neeraj Tripathi,,BJP,"4,03,350",42.59,58795
,53,Barabanki,Tanuj Punia,,INC,55.78,"7,19,927",Rajrani Rawat,,BJP,"5,04,223",39.07,215704
,54,Faizabad,Awadhesh Prasad,,SP,48.59,"5,54,289",Lallu Singh,,BJP,"4,99,722",43.81,54567
,55,Ambedkar Nagar,Lalji Verma,,SP,46.3,"5,44,959",Ritesh Pandey,,BJP,"4,07,712",34.64,137247
,56,Bahraich,Anand Kumar Gond,,BJP,49.1,"5,18,802",Ramesh Chandra,,SP,"4,54,575",43.02,64227
,57,Kaiserganj,Karan Bhushan Singh,,BJP,53.79,"5,71,263",Bhagat Ram,,SP,"4,22,420",39.77,148843
,58,Shrawasti,Ram Shiromani Verma,,SP,48.83,"5,11,055",Saket Misra,,BJP,"4,34,382",41.51,76673
,59,Gonda,Kirti Vardhan Singh,,BJP,49.77,"4,74,258",Shreya Verma,,SP,"4,28,034",44.92,46224
,60,Domariyaganj,Jagdambika Pal,,BJP,45.47,"4,63,303",Bhishma Shankar Tiwari,,SP,"4,20,575",41.27,42728
,61,Basti,Ram Prasad Chaudhary,,SP,48.67,"5,27,005",Harish Dwivedi,,BJP,"4,26,011",39.34,100994
,62,Sant Kabir Nagar,Laxmikant,,SP,45.7,"4,98,695",Praveen Kumar Nishad,,BJP,"4,06,525",37.25,92170
,63,Maharajganj,Pankaj Chaudhary,,BJP,48.85,"5,91,310",Virendra Chaudhary,,INC,"5,55,859",45.92,35451
,64,Gorakhpur,Ravi Kishan,,BJP,50.75,"5,85,834",Kajal Nishad,,SP,"4,82,308",41.78,103526
,65,Kushi Nagar,Vijay Kumar Dubey,,BJP,47.79,"5,16,345",Ajay Pratap Singh,,SP,"4,34,555",40.22,81790
,66,Deoria,Shashank Mani,,BJP,48.36,"5,04,541",Akhilesh Pratap Singh,,INC,"4,69,699",45.02,34842
,67,Bansgaon,Kamlesh Paswan,,BJP,45.38,"4,28,693",Sadal Prasad,,INC,"4,25,543",45.04,3150
,68,Lalganj,Daroga Prasad Saroj,,SP,43.85,"4,39,959",Neelam Sonkar,,BJP,"3,24,936",32.38,"1,15,023"
,69,Azamgarh,Dharmendra Yadav,,SP,48.2,"5,08,239",Dinesh Lal Yadav,,BJP,"3,47,204",32.93,"1,61,035"
,70,Ghosi,Rajeev Rai,,SP,43.73,"5,03,131",Arvind Rajbhar,,SBSP,"3,40,188",29.57,"1,62,943"
,71,Salempur,Ramashankar Rajbhar,,SP,44.2,"4,05,472",Ravindra Kushawaha,,BJP,"4,01,899",43.81,3573
,72,Ballia,Sanatan Pandey,,SP,46.37,"4,67,068",Neeraj Shekhar,,BJP,"4,23,684",42.06,43384
,73,Jaunpur,Babu Singh Kushwaha,,SP,46.21,"5,09,130",Kripashankar Singh,,BJP,"4,09,795",37.19,99335
,74,Machhlishahr,Priya Saroj,,SP,42.57,"4,51,292",B. P. Saroj,,BJP,"4,15,442",39.19,35850
,75,Ghazipur,Afzal Ansari,,SP,46.82,"5,39,912",Pars Nath Rai,,BJP,"4,15,051",35.99,"1,24,861"
,76,Chandauli,Birendra Singh,,SP,42.5,"4,74,476",Mahendra Nath Pandey,,BJP,"4,52,911",40.57,21565
,77,Varanasi,Narendra Modi,,BJP,54.24,"6,12,970",Ajay Rai,,INC,"4,60,457",40.74,"1,52,513"
,78,Bhadohi,Vinod Kumar Bind,,BJP,42.39,"4,59,982",Laliteshpati Tripathi,,AITC,"4,15,910",38.33,44072
,79,Mirzapur,Anupriya Patel,,AD(S),42.67,"4,71,631",Ramesh Chand Bind,,SP,"4,33,821",39.25,37810
,80,Robertsganj,Chhotelal,,SP,46.14,"4,65,848",Rinki Kol,,AD(S),"3,36,614",33.34,"1,29,234"
Uttarakhand,1,Tehri Garhwal,Mala Rajya Lakshmi Shah,,BJP,53.66,"4,62,603",Jot Singh Gunsola,,INC,"1,90,110",22.05,"2,72,493"
,2,Garhwal,Anil Baluni,,BJP,58.6,"4,32,159",Ganesh Godiyal,,INC,"2,68,656",36.43,"1,63,503"
,3,Almora,Ajay Tamta,,BJP,64.2,"4,29,167",Pradeep Tamta,,INC,"1,95,070",29.18,"2,34,097"
,4,Nainital-Udhamsingh Nagar,Ajay Bhatt,,BJP,61.03,"7,72,671",Prakash Joshi,,INC,"4,38,123",34.61,"3,34,548"
,5,Haridwar,Trivendra Singh Rawat,,BJP,50.19,"6,53,808",Virendra Rawat,,INC,"4,89,752",37.6,"1,64,056"
West Bengal,1,Cooch Behar,Jagadish Chandra Barma Basunia,,AITC,48.57,"7,88,375",Nisith Pramanik,,BJP,"7,49,125",46.16,39250
,2,Alipurduars,Manoj Tigga,,BJP,48.92,"6,95,314",Prakash Chik Baraik,,AITC,"6,19,867",43.61,75447
,3,Jalpaiguri,Jayanta Kumar Roy,,BJP,48.57,"7,66,568",Nirmal Chandra Roy,,AITC,"6,79,875",43.07,86693
,4,Darjeeling,Raju Bista,,BJP,51.18,"6,79,331",Gopal Lama,,AITC,"5,00,806",37.73,"1,78,525"
,5,Raiganj,Kartick Chandra Paul,,BJP,40.99,"5,60,897",Krishna Kalyani,,AITC,"4,92,700",36,68197
,6,Balurghat,Sukanta Majumdar,,BJP,46.47,"5,74,996",Biplab Mitra,,AITC,"5,64,610",45.63,10386
,7,Maldaha Uttar,Khagen Murmu,,BJP,37.18,"5,27,023",Prasun Banerjee,,AITC,"4,49,315",31.7,77708
,8,Maldaha Dakshin,Isha Khan Choudhury,,INC,41.79,"5,72,395",Sreerupa Mitra Chaudhury,,BJP,"4,44,027",32.42,"1,28,368"
,9,Jangipur,Khalilur Rahaman,,AITC,39.75,"5,44,427",Murtoja Hossain Bokul,,INC,"4,27,790",31.23,"1,16,637"
,10,Baharampur,Yusuf Pathan,,AITC,37.88,"5,24,516",Adhir Ranjan Chowdhury,,INC,"4,39,494",31.74,85022
,11,Murshidabad,Abu Taher Khan,,AITC,44.27,"6,82,442",Mohammed Salim,,CPI(M),"5,18,227",33.62,"1,64,215"
,12,Krishnanagar,Mahua Moitra,,AITC,44.1,"6,28,789",Amrita Roy,,BJP,"5,72,084",40.13,56705
,13,Ranaghat,Jagannath Sarkar,,BJP,50.78,"7,82,396",Mukut Mani Adhikari,,AITC,"5,95,497",38.65,"1,86,899"
,14,Bangaon,Shantanu Thakur,,BJP,48.19,"7,19,505",Biswajit Das,,AITC,"6,45,812",43.25,73693
,15,Barrackpur,Partha Bhowmick,,AITC,45.56,"5,20,231",Arjun Singh,,BJP,"4,55,793",39.92,64438
,16,Dum Dum,Sougata Ray,,AITC,41.95,"5,28,579",Silbhadra Datta,,BJP,"4,57,919",36.34,70660
,17,Barasat,Kakoli Ghosh Dastidar,,AITC,45.15,"6,92,010",Swapan Majumder,,BJP,"5,77,821",37.7,"1,14,189"
,18,Basirhat,Sk Nurul Islam,,AITC,52.76,"8,03,762",Rekha Patra,,BJP,"4,70,215",30.87,"3,33,547"
,19,Joynagar,Pratima Mondal,,AITC,60.32,"8,94,312",Ashok Kandary,,BJP,"4,24,093",28.6,"4,70,219"
,20,Mathurapur,Bapi Haldar,,AITC,50.52,"7,55,731",Ashok Purkait,,BJP,"5,54,674",37.08,"2,01,057"
,21,Diamond Harbour,Abhishek Banerjee,,AITC,68.48,"10,48,230",Abhijit Das (Bobby),,BJP,"3,37,300",22.03,"7,10,930"
,22,Jadavpur,Sayani Ghosh,,AITC,45.83,"7,17,899",Dr. Anirban Ganguly,,BJP,"4,59,698",29.35,"2,58,201"
,23,Kolkata Dakshin,Mala Roy,,AITC,49.48,"6,15,274",Debasree Chaudhuri,,BJP,"4,28,043",34.42,"1,87,231"
,24,Kolkata Uttar,Sudip Bandyopadhyay,,AITC,47.44,"4,54,696",Tapas Roy,,BJP,"3,62,136",37.78,92560
,25,Howrah,Prasun Banerjee,,AITC,49.26,"6,26,493",Rathin Chakravarty,,BJP,"4,57,051",35.94,"1,69,442"
,26,Uluberia,Sajda Ahmed,,AITC,52.1,"7,24,622",Arunuday Paulchowdhury,,BJP,"5,05,949",36.38,"2,18,673"
,27,Serampore,Kalyan Banerjee,,AITC,45.65,"6,73,970",Kabir Shankar Bose,,BJP,"4,99,140",33.8,"1,74,830"
,28,Hooghly,Rachna Banerjee,,AITC,46.31,"7,02,744",Locket Chatterjee,,BJP,"6,25,891",41.24,76853
,29,Arambagh,Mitali Bag,,AITC,45.71,"7,12,587",Arup Kanti Digar,,BJP,"7,06,188",45.3,6399
,30,Tamluk,Abhijit Gangopadhyay,,BJP,48.54,"7,65,584",Debangshu Bhattacharya,,AITC,"6,87,851",43.61,77733
,31,Kanthi,Soumendu Adhikari,,BJP,49.85,"7,63,195",Uttam Barik,,AITC,"7,15,431",46.73,47764
,32,Ghatal,Deepak Adhikari (Dev),,AITC,52.36,"8,37,990",Hiranmoy Chattopadhyaya,,BJP,"6,55,122",40.93,"1,82,868"
,33,Jhargram,Kalipada Saren,,AITC,49.87,"7,43,478",Dr. Pranat Tudu,,BJP,"5,69,430",38.2,"1,74,048"
,34,Medinipur,June Maliah,,AITC,47.4,"7,02,192",Agnimitra Paul,,BJP,"6,75,001",45.56,27191
,35,Purulia,Jyotirmay Singh Mahato,,BJP,40.34,"5,78,489",Shantiram Mahato,,AITC,"5,61,410",39.15,17079
,36,Bankura,Arup Chakraborty,,AITC,44.33,"6,41,813",Subhas Sarkar,,BJP,"6,09,035",42.07,32778
,37,Bishnupur,Saumitra Khan,,BJP,44.93,"6,80,130",Sujata Mondal,,AITC,"6,74,563",44.56,5567
,38,Bardhaman Purba,Sharmila Sarkar,,AITC,48.11,"7,20,302",Asim Kumar Sarkar,,BJP,"5,59,730",37.38,"1,60,572"
,39,Bardhaman-Durgapur,Kirti Azad Jha,,AITC,47.99,"7,20,667",Dilip Ghosh,,BJP,"5,82,686",38.8,"1,37,981"
,40,Asansol,Shatrughan Prasad Sinha,,AITC,46.53,"6,05,645",Surendrajeet Singh Ahluwalia,,BJP,"5,46,081",41.96,59564
,41,Bolpur,Asit Kumar Mal,,AITC,55.98,"8,55,633",Piya Saha,,BJP,"5,28,380",34.57,"3,27,253"
,42,Birbhum,Satabdi Roy,,AITC,47,"7,17,961",Debtanu Bhattacharya,,BJP,"5,20,311",34.06,"1,97,650"
