2004,,,,,,
Party,Votes,%,Seats,,,
Indian National Congress,103408949,26.53,145,,,
Bharatiya Janata Party,86371561,22.16,138,,,
Communist Party of India (Marxist),22070614,5.66,43,,,
Bahujan Samaj Party,20765229,5.33,19,,,
Samajwadi Party,16824072,4.32,36,,,
Telugu Desam Party,11844811,3.04,5,,,
Rashtriya Janata Dal,9384147,2.41,24,,,
Janata Dal (United),9144963,2.35,8,,,
All India Anna Dravida Munnetra Kazhagam,8547014,2.19,0,,,
Trinamool Congress,8071867,2.07,2,,,
Dravida Munnetra Kazhagam,7064393,1.81,16,,,
Shiv Sena,7056255,1.81,12,,,
Nationalist Congress Party,7023175,1.8,9,,,
Janata Dal (Secular),5732296,1.47,3,,,
Communist Party of India,5484111,1.41,10,,,
Biju Janata Dal,5082849,1.3,11,,,
Shiromani Akali Dal,3506681,0.9,8,,,
Lok Janshakti Party,2771427,0.71,4,,,
Rashtriya Lok Dal,2463607,0.63,3,,,
Telangana Rashtra Samithi,2441405,0.63,5,,,
Pattali Makkal Katchi,2169020,0.56,6,,,
Asom Gana Parishad,2069600,0.53,2,,,
Indian National Lok Dal,1936703,0.5,0,,,
Jharkhand Mukti Morcha,1846843,0.47,5,,,
Revolutionary Socialist Party,1689794,0.43,3,,,
Marumalarchi Dravida Munnetra Kazhagam,1679870,0.43,4,,,
All India Forward Bloc,1365055,0.35,3,,,
Communist Party of India (Marxist–Leninist) Liberati,1281688,0.33,0,,,
Apna Dal,844053,0.22,0,,,
Indian Union Muslim League,770098,0.2,1,,,
Gondwana Ganatantra Party,720189,0.18,0,,,
Naga People's Front,715366,0.18,1,,,
Janata Party,517683,0.13,0,,,
Haryana Vikas Party,506122,0.13,0,,,
Jammu & Kashmir National Conference,493067,0.13,2,,,
Bharipa Bahujan Mahasangh,428566,0.11,0,,,
All India Majlis-e-Ittehadul Muslimeen,417248,0.11,1,,,
Shiromani Akali Dal (Simranjit Singh Mann),387682,0.1,0,,,
Republican Party of India (Athawale),367510,0.09,1,,,
National Loktantrik Party,367049,0.09,1,,,
Kerala Congress,353905,0.09,1,,,
Kannada Nadu Party,349183,0.09,0,,,
Samajwadi Janata Party (Rashtriya),337386,0.09,1,,,
Peasants and Workers Party of India,319572,0.08,0,,,
Republican Party of India,295545,0.08,0,,,
Suheldev Bharatiya Samaj Party,275267,0.07,0,,,
PDP(in Kashmir),267457,0.07,1,,,
Peoples Republican Party,261219,0.07,0,,,
Indian Federal Democratic Party,256411,0.07,1,,,
Kerala Congress (M),209880,0.05,0,,,
Rashtriya Samanta Dal,209694,0.05,0,,,
Samta Party,201276,0.05,0,,,
Lok Bhalai Party,187787,0.05,0,,,
Mizo National Front,182864,0.05,1,,,
Bharatiya Navshakti Party,171080,0.04,1,,,
All Jharkhand Students Union,157930,0.04,0,,,
Sikkim Democratic Front,153409,0.04,1,,,
Marxist Co-ordination Committee,147470,0.04,0,,,
Rashtriya Samaj Paksha,146571,0.04,0,,,
Rashtriya Parivartan Dal,139145,0.04,0,,,
Jharkhand Disom Party,135685,0.03,0,,,
Pyramid Party of India,130362,0.03,0,,,
Ekta Shakti,126924,0.03,0,,,
Autonomous State Demand Committee,101808,0.03,0,,,
Akhil Bharatiya Sena,92210,0.02,0,,,
Hindu Mahasabha,88214,0.02,0,,,
Federal Party of Manipur,88179,0.02,0,,,
Bihar People's Party,86418,0.02,0,,,
Party of Democratic Socialism,81999,0.02,0,,,
Samata Samaj Party,78791,0.02,0,,,
Mahabharat People's Party,77055,0.02,0,,,
Arunachal Congress,76527,0.02,0,,,
Jharkhand Party,74364,0.02,0,,,
Jammu and Kashmir National Panthers Party,70078,0.02,0,,,
Indian Justice Party,67914,0.02,0,,,
Jharkhand Party (Naren),67782,0.02,0,,,
"United Minorities Front, Assam",64657,0.02,0,,,
Labour Party (Secular),63989,0.02,0,,,
Rashtriya Swabhimaan Party,58296,0.01,0,,,
Pragatisheel Manav Samaj Party,54746,0.01,0,,,
Lok Rajya Party,54097,0.01,0,,,
Bahujan Kisan Dal,52669,0.01,0,,,
Majlis Bachao Tahreek,47560,0.01,0,,,
Peoples Democratic Party,45720,0.01,0,,,
Uttarakhand Kranti Dal,43899,0.01,0,,,
Marxist Communist Party of India (S.S. Srivastava),38766,0.01,0,,,
Amra Bangali,38107,0.01,0,,,
Vidharbha Rajya Party,36974,0.01,0,,,
Urs Samyuktha Paksha,33128,0.01,0,,,
Ambedkarist Republican Party,31467,0.01,0,,,
Prabuddha Republican Party,29792,0.01,0,,,
Rashtravadi Communist Party,28757,0.01,0,,,
Rashtriya Samajik Nayak Paksha,27594,0.01,0,,,
Sampurna Vikas Dal,27135,0.01,0,,,
Tamil Desiyak Katchi,25348,0.01,0,,,
Kosi Vikas Party,25258,0.01,0,,,
Chhattisgarhi Samaj Party,24696,0.01,0,,,
Bharatiya Manavata Vikas Party,24176,0.01,0,,,
Loktantrik Samajwadi Party,22811,0.01,0,,,
Savarn Samaj Party,21246,0.01,0,,,
Ambedkar Samaj Party,20767,0.01,0,,,
Indian National League,20159,0.01,0,,,
Bharatiya Gaon Taj Dal,19909,0.01,0,,,
Akhil Bharatiya Congress Dal (Ambedkar),19548,0.01,0,,,
Socialist Party (Lohia),18628,0,0,,,
Shivrajya Party,18374,0,0,,,
Samajwadi Jan Parishad,17717,0,0,,,
Hindustan Janata Party,17410,0,0,,,
Revolutionary Communist Party of India (Rasik Bhatt),16691,0,0,,,
Bharatiya Republican Paksha,16546,0,0,,,
Rashtriya Vikas Party,15159,0,0,,,
Trinamool Gana Parishad,14933,0,0,,,
Manuvadi Party,14233,0,0,,,
Bharat Kranti Rakshak Party,12547,0,0,,,
Rashtriya Hamara Dal,12346,0,0,,,
Parivartan Samaj Party,12273,0,0,,,
Bharatiya Eklavya Party,12197,0,0,,,
Proutist Sarva Samaj Party,11561,0,0,,,
Bharatiya Rashtravadi Paksha,11459,0,0,,,
Pachim Banga Rajya Muslim League,10446,0,0,,,
Rajasthan Vikash Party,10032,0,0,,,
Lokpriya Samaj Party,9913,0,0,,,
Bharatiya Jana Sangh,9707,0,0,,,
Rashtriya Krantikari Samajwadi Party,9145,0,0,,,
Vidarbha Janata Congress,9097,0,0,,,
Shoshit Samaj Dal,8862,0,0,,,
Jai Hind Party,8645,0,0,,,
Bharatiya Minorities Suraksha Mahasangh,8200,0,0,,,
Akhil Bharatiya Desh Bhakt Morcha,7696,0,0,,,
Maharashtrawadi Gomantak Party,7584,0,0,,,
Rashtriya Swarn Dal,7374,0,0,,,
Navabharata Nirman Party,7169,0,0,,,
Krantikari Samyavadi Party,6948,0,0,,,
Democratic Bharatiya Samaj Party,6717,0,0,,,
Youth and Students Party,6580,0,0,,,
Ephraim Union,6512,0,0,,,
Akhil Bharatiya Lok Tantrik Alp-Sankhyak Jan Morcha,6003,0,0,,,
United Goans Democratic Party,5881,0,0,,,
Pichhra Samaj Party,5672,0,0,,,
All India Momin Conference,5113,0,0,,,
Labour Party of India (V.V. Prasad),4977,0,0,,,
All India Minorities Front,4874,0,0,,,
Republican Party of India (Khobragade),4790,0,0,,,
Naari Shakti Party,4649,0,0,,,
Bahujan Vikas Party,4533,0,0,,,
Bharatiya Ekta Dal,4312,0,0,,,
Shikshit Berozgar Sena,4303,0,0,,,
Yuva Gantantra Party,4140,0,0,,,
Rashtravadi Janata Party,3737,0,0,,,
Kranti Kari Jai Hind Sena,3393,0,0,,,
Mudiraj Rashtriya Samithi,3345,0,0,,,
Sikkim Sangram Parishad,3216,0,0,,,
Janata Vikas Party,3173,0,0,,,
National Students Party,3069,0,0,,,
Secular Party of India,3041,0,0,,,
Vikas Party,2998,0,0,,,
Social Action Party,2987,0,0,,,
Akhil Bharatiya Rashtriya Azad Hind Party,2801,0,0,,,
Loktantrik Chetna Party,2776,0,0,,,
Sikkim Himali Rajya Parishad,2765,0,0,,,
Janmangal Paksh,2684,0,0,,,
Sanatan Samaj Party,2679,0,0,,,
Lok Sewa Dal,2646,0,0,,,
Jana Unnayan Mancha,2592,0,0,,,
Rashtriya Lok Seva Morcha,2476,0,0,,,
Republican Party of India (Democratic),2370,0,0,,,
Bhartiya Lok Kalyan Dal,2242,0,0,,,
Panchayat Raj Party,2165,0,0,,,
Bharatiya Backward Party,2162,0,0,,,
All Kerala M.G.R. Dravida Munnetra Party,2158,0,0,,,
Akhil Bhartiya Rajarya Sabha,2080,0,0,,,
Bharat Ki Lok Jimmedar Party,2055,0,0,,,
Rashtriya Garima Party,2043,0,0,,,
Rashtriya Garib Dal,1977,0,0,,,
Ekta Krandi Dal U.P.,1939,0,0,,,
Bharatiya Labour Party,1758,0,0,,,
Phule Bharti Lok Party,1690,0,0,,,
Bharatiya Prajatantrik Shudh Gandhiwadi Krishak Dal,1689,0,0,,,
Mool Bharati (S) Party,1675,0,0,,,
Bharatiya Nagrik Party,1580,0,0,,,
Jammu and Kashmir Awami League,1519,0,0,,,
Hind Morcha,1459,0,0,,,
Jharkhand People's Party,1449,0,0,,,
Maharashtra Rajiv Congress,1399,0,0,,,
Janhit Samaj Party,1310,0,0,,,
Vijeta Party,1304,0,0,,,
Socialistic Democratic Party,1265,0,0,,,
Jansatta Party,1189,0,0,,,
Federal Congress of India,1037,0,0,,,
Nidaya Malik (N) Party,1030,0,0,,,
Indian Bahujan Samajwadi Party,972,0,0,,,
Desh Bhakt Party,912,0,0,,,
Ambedkar National Congress,825,0,0,,,
NTR Telugu Desam Party (Lakshmi Parvathi),759,0,0,,,
Akhil Bhartiya Loktantra Party,754,0,0,,,
Jebamani Janata,734,0,0,,,
Niswarth Sewa Party,730,0,0,,,
Jan Chetna Party,671,0,0,,,
Hindu Ekta Andolan Party,620,0,0,,,
Krantikari Manuwadi Morcha,597,0,0,,,
Bharatiya Prajatantra Party,573,0,0,,,
Bharatiya Muhabbat Party (All India),566,0,0,,,
Manav Jagriti Manch,552,0,0,,,
Bharatiya Janvadi Party,543,0,0,,,
Bharatiya Surajya Manch,515,0,0,,,
Rashtriya Janadhikar Party,487,0,0,,,
Praja Party,485,0,0,,,
Bharti Sarvadarshi Parishad,427,0,0,,,
Shoshit Samaj Party,395,0,0,,,
Rashtriya Sakar Party,379,0,0,,,
Bharatiya Sarvkalyan Krantidal,365,0,0,,,
Awami Party,327,0,0,,,
Swaraj Dal,298,0,0,,,
Akhand Bharti,138,0,0,,,
Parmarth Party,126,0,0,,,
Independents,16549900,4.25,5,,,
Nominated Anglo-Indian,,,,2,,
Total,,389779784,100,545,,
,,,,,,
Valid votes,,389779784,99.96,,,
Invalid/blank votes,,168546,0.04,,,
Total votes,,389948330,100,,,
Registered voters/turnout,,671487930,58.07,,,
,,,,,,
2009,,,,,,
Party,Votes,%,Seats,,,
Bharatiya Janata Party,171660230,31,282,,,
Indian National Congress,106935942,19.31,44,,,
Bahujan Samaj Party,22946346,4.14,0,,,
All India Trinamool Congress,21262665,3.84,34,,,
Samajwadi Party,18673089,3.37,5,,,
All India Anna Dravida Munnetra Kazhagam,18111579,3.27,37,,,
Communist Party of India (Marxist),17988955,3.25,9,,,
Telugu Desam Party,14099230,2.55,16,,,
YSR Congress Party,13995435,2.53,9,,,
Aam Aadmi Party,11325387,2.05,4,,,
Shiv Sena,10262544,1.85,18,,,
Dravida Munnetra Kazhagam,9631246,1.74,0,,,
Biju Janata Dal,9489946,1.71,20,,,
Nationalist Congress Party,8635558,1.56,6,,,
Rashtriya Janata Dal,7440937,1.34,4,,,
Telangana Rashtra Samithi,6736270,1.22,11,,,
Janata Dal (United),5992281,1.08,2,,,
Communist Party of India,4327460,0.78,1,,,
Janata Dal (Secular),3731481,0.67,2,,,
Shiromani Akali Dal,3636148,0.66,4,,,
Indian National Lok Dal,2799899,0.51,2,,,
All India United Democratic Front,2333040,0.42,3,,,
Lok Jan Shakti Party,2295929,0.41,6,,,
Desiya Murpokku Dravida Kazhagam,2078843,0.38,0,,,
Pattali Makkal Katchi,1827566,0.33,1,,,
Revolutionary Socialist Party,1666380,0.3,1,,,
Jharkhand Mukti Morcha,1637994,0.3,2,,,
Jharkhand Vikas Morcha (Prajatantrik),1579772,0.29,0,,,
Marumalarchi Dravida Munnetra Kazhagam,1417535,0.26,0,,,
All India Forward Bloc,1211418,0.22,0,,,
Swabhimani Paksha,1105073,0.2,1,,,
Indian Union Muslim League,1100096,0.2,2,,,
Rashtriya Lok Samta Party,1078473,0.19,3,,,
Communist Party of India (Marxist–Leninist) Liberati,1007275,0.18,0,,,
Naga People's Front,994505,0.18,1,,,
Apna Dal,821820,0.15,2,,,
Bahujan Mukti Party,791951,0.14,0,,,
Jammu and Kashmir Peoples Democratic Party,732644,0.13,3,,,
Maharashtra Navnirman Sena,708010,0.13,0,,,
Haryana Janhit Congress (BL),703698,0.13,0,,,
Rashtriya Lok Dal,696918,0.13,0,,,
All India Majlis-E-Ittehadul Muslimeen,685730,0.12,1,,,
Viduthalai Chiruthaigal Katchi,606110,0.11,0,,,
Asom Gana Parishad,577730,0.1,0,,,
National Peoples Party,576448,0.1,1,,,
Socialist Unity Centre of India (Communist),520972,0.09,0,,,
Peace Party,518724,0.09,0,,,
Peasants and Workers Party of India,497721,0.09,0,,,
All Jharkhand Students Union,488719,0.09,0,,,
Rashtriya Samaj Paksha,458580,0.08,0,,,
Kerala Congress (M),424194,0.08,1,,,
Jammu & Kashmir National Conference,396713,0.07,0,,,
Social Democratic Party of India,396524,0.07,0,,,
Bharipa Bahujan Mahasangh,360854,0.07,0,,,
Quami Ekta Dal,354577,0.06,0,,,
Bodoland People's Front,330106,0.06,0,,,
Socialist Janata (Democratic),307597,0.06,0,,,
Gondwana Ganatantra Party,301366,0.05,0,,,
Bahujan Vikas Aaghadi,293681,0.05,0,,,
Puthiya Tamilagam,262812,0.05,0,,,
All India N.R. Congress,255826,0.05,1,,,
Manithaneya Makkal Katchi,236679,0.04,0,,,
Welfare Party of India,228645,0.04,0,,,
Jai Bharat Samanta Party,215607,0.04,0,,,
Republican Party of India (Athawale),206689,0.04,0,,,
Jai Samaikyandhra Party,204260,0.04,0,,,
Jharkhand Party,203869,0.04,0,,,
Pyramid Party of India,185478,0.03,0,,,
Ambedkarite Party of India,185095,0.03,0,,,
Lok Satta Party,165670,0.03,0,,,
Sikkim Democratic Front,163698,0.03,1,,,
Aama Odisha Party,155900,0.03,0,,,
National Unionist Zamindara Party,124990,0.02,0,,,
Sikkim Krantikari Morcha,121956,0.02,0,,,
Suheldev Bhartiya Samaj Party,118947,0.02,0,,,
Communist Party of India (Marxist–Leninist) Red St,114323,0.02,0,,,
Marxist Co-ordination Committee,110185,0.02,0,,,
Jharkhand Disom Party,109843,0.02,0,,,
United Democratic Party,106817,0.02,0,,,
Rashtriya Parivartan Dal,95644,0.02,0,,,
Bharatiya Ekta Dal,90314,0.02,0,,,
Republican Party of India,87952,0.02,0,,,
Bhartiya Shakti Chetna Party,79359,0.01,0,,,
Amra Bangalee,74626,0.01,0,,,
Jammu and Kashmir People's Conference,71154,0.01,0,,,
Republican Paksha (Khoripa),70924,0.01,0,,,
Bahujan Sangharshh Dal,59815,0.01,0,,,
Samajwadi Janata Party (Rashtriya),59756,0.01,0,,,
Akhil Bharatiya Muslim League (Secular),59735,0.01,0,,,
Jai Maha Bharath Party,57988,0.01,0,,,
Jammu and Kashmir National Panthers Party,57103,0.01,0,,,
Rashtriya Ulama Council,56324,0.01,0,,,
Janta Dal Rashtravadi,53864,0.01,0,,,
Tamil Nadu Makkal Congress,49024,0.01,0,,,
Lokdal,48202,0.01,0,,,
Janvadi Party (Socialist),47696,0.01,0,,,
People's Party of Arunachal,47018,0.01,0,,,
Hindustan Janta Party,46761,0.01,0,,,
Rashtriya Krantikari Samajwadi Party,46756,0.01,0,,,
Bharat Vikas Morcha,45667,0.01,0,,,
Odisha Jan Morcha,44397,0.01,0,,,
Revolutionary Socialist Party of Kerala (Bolshevik),43051,0.01,0,,,
Chhattisgarh Swabhiman Manch,41908,0.01,0,,,
Socialist Party (India),41518,0.01,0,,,
Pragatisheel Manav Samaj Party,39039,0.01,0,,,
Rajnaitik Vikalp Party,38992,0.01,0,,,
Bharatiya Yuva Shakti,38633,0.01,0,,,
Rashtriya Deshaj Party,38322,0.01,0,,,
Naitik Party,36181,0.01,0,,,
Shiromani Akali Dal (Amritsar)(Simranjit Singh Mann),35516,0.01,0,,,
Karunaadu Party,33172,0.01,0,,,
Rashtriya Janadhikar Suraksha Party,32514,0.01,0,,,
Rashtriya Samanta Dal,30888,0.01,0,,,
Samyak Parivartan Party,30805,0.01,0,,,
Hindu Mahasabha,29483,0.01,0,,,
Paschimanchal Vikas Party,28775,0.01,0,,,
Prem Janata Dal,28671,0.01,0,,,
Jago Party,27624,0,0,,,
Jai Prakash Janata Dal,27619,0,0,,,
Ambedkar Samaj Party,27589,0,0,,,
Jai Hind Samaj Party,27122,0,0,,,
Vanchitsamaj Insaaf Party,23991,0,0,,,
Gareeb Aadmi Party,23505,0,0,,,
Republican Party of India (Khobragade),23110,0,0,,,
Mahan Dal,22774,0,0,,,
Party for Democratic Socialism,22284,0,0,,,
Mahajana Socialist Party,22022,0,0,,,
Samta Party,21631,0,0,,,
Bajjikanchal Vikas Party,21524,0,0,,,
Indigenous People's Front of Tripura,21326,0,0,,,
Prajatantrik Samadhan Party,21284,0,0,,,
Kalinga Sena,21143,0,0,,,
Samata Kranti Dal,20910,0,0,,,
Bharatiya Jana Sangh,20902,0,0,,,
Bharatiya National Janta Dal,20209,0,0,,,
Ambedkar National Congress,19863,0,0,,,
Prabuddha Republican Party,19470,0,0,,,
Most Backward Classes of India,19417,0,0,,,
Sarvajan Kalyan Loktantrik Party,19253,0,0,,,
Rashtriya Janasachetan Party,18210,0,0,,,
Manavtawadi Samaj Party,17890,0,0,,,
Desiya Forward Bloc,17465,0,0,,,
Socialistic Democratic Party,17435,0,0,,,
Indian Savarn Samaj Party,16903,0,0,,,
Jharkhand Party (Naren),16670,0,0,,,
Akhil Bhartiya Jharkhand Party,16616,0,0,,,
Samata Samadhan Party,16501,0,0,,,
Ambedkarist Republican Party,16461,0,0,,,
Shoshit Samaj Dal,16446,0,0,,,
Rashtriya Independent Morcha,16299,0,0,,,
Bharatiya Momin Front,16182,0,0,,,
Nav Bharat Democratic Party,16153,0,0,,,
Sankhyanupati Bhagidari Party,16078,0,0,,,
Naya Daur Party,15967,0,0,,,
Bharatiya Sant Mat Party,15940,0,0,,,
Moulik Adhikar Party,15742,0,0,,,
Sarva Janata Party,15474,0,0,,,
Ati Picchara party,15370,0,0,,,
Proutist Sarva Samaj,15368,0,0,,,
Jai Hind Party,14754,0,0,,,
Bharatiya Jan Kranti Dal (Democratic),14685,0,0,,,
Indian Christian Secular Party,14360,0,0,,,
Swaraj (J),14152,0,0,,,
Indian Unity Centre,13527,0,0,,,
Lok Bharati,13399,0,0,,,
Maharashtra Parivartan Sena (T),13339,0,0,,,
Lokpriya Samaj Party,13304,0,0,,,
Rashtriya Ahinsa Manch,13185,0,0,,,
Marxist Communist Party of India (United),13019,0,0,,,
Rashtriya Apna Dal,12366,0,0,,,
Jharkhand Anushilan Party,12240,0,0,,,
Andhra Rastra Praja Samithi,12042,0,0,,,
Adarsh Rashtriya Vikas Party,12037,0,0,,,
Indian National League,11924,0,0,,,
Aadivasi Sena Party,11362,0,0,,,
Swarajya Party of India,11361,0,0,,,
Majlis Bachao Tahreek,11347,0,0,,,
Minorities Democratic Party,11225,0,0,,,
Akhil Bhartiya Mithila Party,11221,0,0,,,
National Loktantrik Party,11174,0,0,,,
Bahujan Samaj Party (Ambedkar),11104,0,0,,,
Jharkhand Vikas Dal,10870,0,0,,,
Regional Democratic Secular Congress,10800,0,0,,,
Rashtriya Janwadi Party (Krantikari),10797,0,0,,,
Jamat-E-Seratul Mustakim,10564,0,0,,,
Megh Desham Party,10490,0,0,,,
Sarva Samaj Kalyan Party,10239,0,0,,,
Bharat Bhrashtachar Mitao Party,10160,0,0,,,
Rashtriya Gondvana Party,10142,0,0,,,
Loktantrik Janata Party (Secular),10026,0,0,,,
Samajwadi Jan Parishad,10008,0,0,,,
All India Minorities Front,9938,0,0,,,
Samruddha Odisha,9794,0,0,,,
Samtawadi Republican Party,9561,0,0,,,
Bharatiya Dr. B.R. Ambedkar Janta Party,9481,0,0,,,
Aam Janata Party,9371,0,0,,,
Apna Dal United Party,9265,0,0,,,
Ulzaipali Makkal Katchy,9194,0,0,,,
Tripura Pragatishil Gramin Congress,8952,0,0,,,
Hindusthan Nirman Dal,8889,0,0,,,
Hindusthan Praja Paksha,8853,0,0,,,
Bhartiya Ekta Manch Party,8729,0,0,,,
Rashtravadi Janata Party,8713,0,0,,,
Aadijan Mukti Sena,8544,0,0,,,
Makkal Manadu Katchi,8468,0,0,,,
Kosal Kranti Dal,8448,0,0,,,
Bharatiya Republican Paksha,8226,0,0,,,
Rajasthan Vikas Party,8152,0,0,,,
Shramajeevi Party,7953,0,0,,,
Hindustan Vikas Dal,7921,0,0,,,
Kisan Majdoor Berojgar Sangh,7839,0,0,,,
Dalita Bahujana Party,7746,0,0,,,
Rashtriya Congress (J) Party,7650,0,0,,,
All India Peoples' Front (Radical),7630,0,0,,,
Krantikari Vikas Dal,7541,0,0,,,
Bharatiya Kisan Parivartan Party,7342,0,0,,,
Peoples Guardian,7222,0,0,,,
Bharatiya Bahujan Congress,7197,0,0,,,
Rashtriya Jan-Jagram Morcha,7147,0,0,,,
Sanatan Sanskriti Raksha Dal,7115,0,0,,,
B.C. United Front,7036,0,0,,,
Rashtra Sewa Dal,6994,0,0,,,
Sanyukt Samajwadi Dal,6788,0,0,,,
Bihar Janta Party,6765,0,0,,,
Hindustan Krantikari Dal,6703,0,0,,,
Sarvajan Samaj Party (D),6681,0,0,,,
Jan Shakti Ekta Party,6636,0,0,,,
Samaikya Telugu Rajyam,6542,0,0,,,
Socialist Republican Party,6512,0,0,,,
"Proutist Bloc, India",6509,0,0,,,
United Communist Party of India,6472,0,0,,,
Indian Labour Party (Ambedkar Phule),6390,0,0,,,
Republican Backward Congress,6265,0,0,,,
Rashtriya Naujawan Dal,6192,0,0,,,
Al-Hind Party,5977,0,0,,,
Aarakshan Virodhi Party,5861,0,0,,,
Bhartiya Sarvjan Party,5845,0,0,,,
The Lok Party of India,5804,0,0,,,
Rashtriya Bahujan Congress Party,5801,0,0,,,
Bharatiya Gaon Taj Dal,5761,0,0,,,
Apna Desh Party,5579,0,0,,,
Deshbhakt Nirman Party,5485,0,0,,,
Bahujan Sangharsh Party (Kanshiram),5416,0,0,,,
Moderate Party,5406,0,0,,,
Bundelkhand Congress,5371,0,0,,,
Bharatiya Inqalab Party,5362,0,0,,,
Eklavya Samaj Party,5341,0,0,,,
Democratic Bharatiya Samaj Party,5240,0,0,,,
Agar Jan Party,5228,0,0,,,
Indian Krantikari Lehar,5084,0,0,,,
New India Party,5082,0,0,,,
Moolniwasi Samaj Party,4986,0,0,,,
Bhartiya Satya Sangharsh Party,4956,0,0,,,
Samajwadi Samaj Party,4947,0,0,,,
Samaikyandhra Parirakshana Samithi,4870,0,0,,,
Poorvanchal Rashtriya Congress,4852,0,0,,,
Kalyankari Jantantrik Party,4839,0,0,,,
Jan-Nyay Dal,4719,0,0,,,
Bhartiya Jantantrik Janata Dal,4664,0,0,,,
Bharatiya Bahujan Party,4653,0,0,,,
Rashtriya Jankranti Morcha,4647,0,0,,,
Yuva Sarkar,4578,0,0,,,
Rashtriya Congress (Babu Jagjivanram),4527,0,0,,,
Rayalaseema Parirakshana Samithi,4521,0,0,,,
Jan Sevak Party,4489,0,0,,,
Shakti Sena (Bharat Desh),4466,0,0,,,
Braj Vikas Party,4411,0,0,,,
Manav Mukti Morcha,4409,0,0,,,
Lok Parivartan Party (DC),4396,0,0,,,
All Jammu and Kashmir Kisan Majdoor Party,4392,0,0,,,
Awami Aamjan Party,4380,0,0,,,
Akhil Bharatiya Shivsena Rashtrawadi,4380,0,0,,,
Rashtriya Ambedkar Dal,4327,0,0,,,
Bharatiya Peoples Party,4291,0,0,,,
Jai Vijaya Bharathi Party,4270,0,0,,,
Chhattisgarhiya Party,4265,0,0,,,
Bhartiya Krishak Dal,4250,0,0,,,
Rastriya Insaaf Party,4219,0,0,,,
Rashtriya Sarvajan Party,4215,0,0,,,
Bhartiya Vanchitsamaj Party,4142,0,0,,,
Dharam Nirpeksh Dal,4130,0,0,,,
Rashtriya Janpriya Party,4117,0,0,,,
Rashtriya Kranti Party,4112,0,0,,,
Rajyadhikara Party,4112,0,0,,,
Parcham Party of India,4082,0,0,,,
Pragatisheel Samaj Party,4052,0,0,,,
Swatantra Samaj Party,4016,0,0,,,
Vichara Jagruthi Congress Paksha,3972,0,0,,,
Janta Raj Party,3846,0,0,,,
Nirjatita Samaj Biplabi Party,3829,0,0,,,
Bharatiya Kisan Sena Loktantrik,3826,0,0,,,
New All India Congress Party,3778,0,0,,,
Awami Vikas Party,3747,0,0,,,
Lok Shakti,3722,0,0,,,
Maharashtra Vikas Aghadi,3715,0,0,,,
National Development Party,3618,0,0,,,
Jharkhand Mukti Morcha (Ulgulan),3512,0,0,,,
Indian Peoples Green Party,3488,0,0,,,
Asankhya Samaj Party,3482,0,0,,,
Bharatiya Minorities Suraksha Mahasangh,3441,0,0,,,
Rashtriya Aam Party,3408,0,0,,,
Bharat Ki Lok Jimmedar Party,3392,0,0,,,
Bharti Jan Suraksha Party,3336,0,0,,,
Rashtriya Sant Sandesh Party,3283,0,0,,,
National Tiger Party,3251,0,0,,,
Bharatiya Rashtriya Bahujan Samaj Vikas Party,3238,0,0,,,
Pragatisheel Magahi Samaj,3076,0,0,,,
National Lokmat Party,3072,0,0,,,
Ezhuchi Tamilargal Munnetra Kazhagam,3023,0,0,,,
Ex-Sainik Kissan Party,2988,0,0,,,
Shoshit Sandesh Party,2982,0,0,,,
Rashtriya Viklang Party,2958,0,0,,,
Nagrik Ekta Party,2917,0,0,,,
Republican Bahujan Sena,2910,0,0,,,
Gorkha Rashtriya Congress,2906,0,0,,,
Jan Morcha,2901,0,0,,,
Vishva Hindustani Sangathan,2880,0,0,,,
Rashtriya Mahan Gantantra Party,2872,0,0,,,
Loktantrik Samajwadi Party,2820,0,0,,,
Rani Chennamma Party,2803,0,0,,,
Hindustan Kranti Dal,2761,0,0,,,
Andhra Pradesh Rashtra Samaikya Samithi Party,2743,0,0,,,
Jawan Kisan Morcha,2711,0,0,,,
Prism,2694,0,0,,,
Rashtriya Janshakti Party (Eklavya),2654,0,0,,,
Great India Party,2594,0,0,,,
Bhartiya Pragatisheel Congress,2571,0,0,,,
Inqalab Vikas Dal,2570,0,0,,,
Telangana Loksatta Party,2567,0,0,,,
Jan Raajya Party,2543,0,0,,,
Bharat Nav Nirman Party,2533,0,0,,,
Akhil Bharatiya Samajwadi Congress,2530,0,0,,,
Namadhu Makkal Katchi,2511,0,0,,,
Mahamukti Dal,2482,0,0,,,
Mahila Swabhiman Party,2425,0,0,,,
Bharatiya Sarvodaya Kranti Party,2409,0,0,,,
Rashtriya Vikas Party,2396,0,0,,,
Anaithindia Dravidar Samudaya Munnetra Kazhagam,2372,0,0,,,
Sarvshreshth Dal,2329,0,0,,,
Telangana Communist Party of India,2311,0,0,,,
Akhil Bhartiya Vikas Congress Party,2255,0,0,,,
Jantantra Party,2249,0,0,,,
Rashtriya Rashtrawadi Party,2225,0,0,,,
National Janhit Congress (AB),2196,0,0,,,
Rashtrawadi Samaj Party,2181,0,0,,,
Dharmarajya Paksha,2175,0,0,,,
Indian Peace Party,2155,0,0,,,
Bhartiya Republican Party (Insan),2138,0,0,,,
Atulya Bharat Party,2135,0,0,,,
Mahanwadi Party,2101,0,0,,,
Rashtriya Karmyog Party,2096,0,0,,,
Uttarakhand Parivartan Party,2045,0,0,,,
Akhil Rashtrawadi Party,2029,0,0,,,
Rashtriya Praja Congress (Secular),2025,0,0,,,
Manipur Democratic Peoples's Front,2005,0,0,,,
Bhartiya Jan Yug Party,2000,0,0,,,
Bharat Nirman Party,2000,0,0,,,
Socialist Party (Lohia),1997,0,0,,,
Labour Party of India (V.V. Prasad),1993,0,0,,,
Indian Bahujan Sandesh Party (Kanshiram),1952,0,0,,,
Dr. Ambedkar Samajvadi Democratic Party,1949,0,0,,,
Adarsh Manavtawadi Party,1920,0,0,,,
Bhartiya Navjawan Sena (Paksha),1862,0,0,,,
Rashtriya Bahujan Hitay Party,1842,0,0,,,
Narayani Sena,1725,0,0,,,
Bahujan Suraksha Dal,1723,0,0,,,
Brihattar Bharat Prajatantra Sewa Party,1679,0,0,,,
Bhartiya Party,1635,0,0,,,
Rashtriya Uttarakhand Party,1629,0,0,,,
Awami Samta Party,1617,0,0,,,
Bharatiya Rashtriya Mazdoor Dal,1607,0,0,,,
All India Azaad Congress Party,1593,0,0,,,
Rashtriya Manav samman Party,1572,0,0,,,
Rashtriya Janshanti Party,1571,0,0,,,
All Jammu and Kashmir Republican Party,1568,0,0,,,
Rashtriya Janta Party,1526,0,0,,,
Rashtriya Bandhutwa Party,1521,0,0,,,
Jebamani Janata,1517,0,0,,,
Loktantrik Rashrtavadi Party,1491,0,0,,,
Nehru Janhit Congress,1463,0,0,,,
Akhil Bharatiya Congress Dal (Ambedkar),1461,0,0,,,
Navodyam Party,1455,0,0,,,
Bhartiya Naujawan Inklav Party,1440,0,0,,,
Rashtriya Vikas Manch Party,1434,0,0,,,
Bhartiya Samajik Kranti Dal,1423,0,0,,,
Bhrashtachar Mukti Morcha,1413,0,0,,,
Bharatiya Navyuvak Party,1408,0,0,,,
Punjab Labour Party,1386,0,0,,,
Kamarajar Deseeya Congress,1345,0,0,,,
Democratic Prajakranthi Party Secularist,1342,0,0,,,
Bharatiya Jawala Shakti Paksha,1337,0,0,,,
Jan Raksha Party,1318,0,0,,,
Democratic Secular Party,1262,0,0,,,
Rashtriya Komi Ekta Party,1254,0,0,,,
National Organisation Congress,1198,0,0,,,
Rashtrawadi Parivartan Party (L.B.),1195,0,0,,,
All India Mazdoor Party (Rangreta),1182,0,0,,,
National Youth Party,1176,0,0,,,
Bahujan Kranti Party (Marxwad-Ambedkarwad),1174,0,0,,,
Bhartiya Vikas Party,1152,0,0,,,
Rashtriya Janmorcha,1145,0,0,,,
Bhartiya Janta Dal (Integrated),1118,0,0,,,
Rashtriya Garib Dal,1111,0,0,,,
Indian Justice Party,1103,0,0,,,
Bharatiya Samaj Dal,1096,0,0,,,
Voters Party,1089,0,0,,,
Akhil Bharatiya Manavata Paksha,1077,0,0,,,
The Religion of Man Revolving Political Party of India,1071,0,0,,,
Indian Bahujan Samajwadi Party,1059,0,0,,,
Rashtriya Shoshit Samaj Party,1054,0,0,,,
Akhil Bhartiya Aamjan Party,1040,0,0,,,
Manavadhikar Janshakti Party,997,0,0,,,
Himachal Swabhiman Party,997,0,0,,,
Majlis Markaz-e-Siyasee Party,959,0,0,,,
Dalit Vikas Party(Bharat),950,0,0,,,
Janral Samaj Party,944,0,0,,,
Shivrajya Party,944,0,0,,,
Union Party of India,944,0,0,,,
Aazadi Ka Antim Aandolan Dal,937,0,0,,,
Bhartiya Shramik Dal Socialist,924,0,0,,,
Rashtriya Morcha Party,923,0,0,,,
Republican Party of India Ektavadi,910,0,0,,,
Hindustan Swaraj Congress Party,888,0,0,,,
Bharatiya Mool Niwasi Samaj Party,877,0,0,,,
Democratic Congress Party,833,0,0,,,
Bhartiya Chaitanya Party,802,0,0,,,
National Party,791,0,0,,,
Goa Su-Raj Party,783,0,0,,,
Samta Vikas Party,763,0,0,,,
Kannada Chalavali Vatal Paksha,707,0,0,,,
Prajatantra Aadhar Party,698,0,0,,,
Akhil Bharatiya Hind Kranti Party,685,0,0,,,
Akhil Bharatiya Rajarya Sabha,683,0,0,,,
Social Action Party,682,0,0,,,
Rashtriya Sawarn Dal,665,0,0,,,
Akhand Bharat Samaj Party,651,0,0,,,
Indian Oceanic Party,649,0,0,,,
Rashtriya Ekta Party,601,0,0,,,
B.C. Bharata Desam Party,596,0,0,,,
Hindustan Ekta Party,566,0,0,,,
Adarsh Samaj Party,557,0,0,,,
Indian Gandhiyan Party,546,0,0,,,
All India Ravidas Samata Party,543,0,0,,,
Uttar Pradesh Republican Party,542,0,0,,,
Goemcarancho Otrec Astro,530,0,0,,,
Bharatiya Nav Kranti Party,502,0,0,,,
Nava Bharat National Party,485,0,0,,,
Thrinamool Tamil Nadu Congress,474,0,0,,,
Navbharat Nirman Party,441,0,0,,,
Parivartan Samaj Party,433,0,0,,,
Rashtriya Janadhikar Party,415,0,0,,,
Indians Victory Party,398,0,0,,,
Sardar Vallabhbhai Patel Party,394,0,0,,,
Ambedkar People's Movement,372,0,0,,,
Majdoor Kisan Union Party,360,0,0,,,
Jan Samanta Party,357,0,0,,,
Vanchit Jamat Party,350,0,0,,,
People's Party of India (Secular),331,0,0,,,
Bhartiya Jan Manch,325,0,0,,,
Akhil Bharatiya Ashok Sena,296,0,0,,,
Vishva SHakti Party,263,0,0,,,
Rashtriya Jatigat Aarakshan Virodhi Party,259,0,0,,,
Rashtriya Jankranti Party,217,0,0,,,
Bharat Vishal Party,161,0,0,,,
Independents,16737720,3.02,3,,,
None of the Above,,6002942,1.08,,,
Nominated Anglo-Indians,,,,2,,
Total,,553802946,100,545,,
,,,,,,
Valid votes,,553802946,99.93,,,
Invalid/blank votes,,368873,0.07,,,
Total votes,,554171819,100,,,
Registered voters/turnout,,834082814,66.44,,,
Source: EC,,,,,,
2019,,,,,,
Party   ,Votes,%,Seats,,,
Bharatiya Janata Party,229076879,37.36,303,,,
Indian National Congress,119495214,19.49,52,,,
All India Trinamool Congress,24929330,4.07,22,,,
Bahujan Samaj Party,22246501,3.63,10,,,
Samajwadi Party,15647206,2.55,5,,,
YSR Congress Party,15537006,2.53,23,,,
Dravida Munnetra Kazhagam,13877992,2.26,23,,,
Shiv Sena,12858904,2.1,18,,,
Telugu Desam Party,12515345,2.04,3,,,
Communist Party of India (Marxist),10744908,1.77,3,,,
Biju Janata Dal,10174021,1.66,12,,,
Janata Dal (United),8926679,1.46,16,,,
Nationalist Congress Party,8500331,1.39,5,,,
All India Anna Dravida Munnetra Kazhagam,7830146,1.28,1,,,
Telangana Rashtra Samithi,7696848,1.26,9,,,
Rashtriya Janata Dal,6632247,1.08,0,,,
Shiromani Akali Dal,3778574,0.62,2,,,
Vanchit Bahujan Aaghadi,3743560,0.61,0,,,
Communist Party of India,3576184,0.58,2,,,
Janata Dal (Secular),3457107,0.56,1,,,
Lok Jan Shakti Party,3206979,0.52,6,,,
Aam Aadmi Party,2716629,0.44,1,,,
Pattali Makkal Katchi,2297431,0.37,0,,,
Amma Makkal Munnettra Kazagam,2249118,0.37,0,,,
Jana Sena Party,1915127,0.31,0,,,
Jharkhand Mukti Morcha,1901976,0.31,1,,,
Naam Tamilar Katchi,1668079,0.27,0,,,
Makkal Needhi Maiam,1613708,0.26,0,,,
Indian Union Muslim League,1592467,0.26,3,,,
Asom Gana Parishad,1480697,0.24,0,,,
Rashtriya Lok Samta Party,1462518,0.24,0,,,
Rashtriya Lok Dal,1447363,0.24,0,,,
All India United Democratic Front,1402088,0.23,1,,,
All India Majlis-E-Ittehadul Muslimeen,1201542,0.2,2,,,
Apna Dal (Sonelal),1039478,0.17,2,,,
Hindustani Awam Morcha (Secular),956501,0.16,0,,,
Desiya Murpokku Dravida Kazhagam,929590,0.15,0,,,
Swabhimani Paksha,834380,0.14,0,,,
Jharkhand Vikas Morcha (Prajatantrik),750799,0.12,0,,,
Communist Party of India (Marxist–Leninist) Liberati,711715,0.12,0,,,
Revolutionary Socialist Party,709685,0.12,1,,,
Vikassheel Insaan Party,660706,0.11,0,,,
Rashtriya Loktantrik Party,660051,0.11,1,,,
All Jharkhand Students Union,648277,0.11,1,,,
Jannayak Janta Party,619970,0.1,0,,,
Bharatiya Tribal Party,539319,0.09,0,,,
Viduthalai Chiruthaigal Katchi,507643,0.08,1,,,
Nationalist Democratic Progressive Party,500510,0.08,1,,,
Bahujan Vikas Aaghadi,491596,0.08,0,,,
Lok Insaaf Party,469784,0.08,0,,,
Bodoland People's Front,446774,0.07,0,,,
National People's Party,425986,0.07,1,,,
Kerala Congress (M),421046,0.07,1,,,
United People's Party Liberal,416305,0.07,0,,,
Bahujan Mukti Party,405949,0.07,0,,,
Socialist Unity Centre of India (Communist),403835,0.07,0,,,
Ambedkarite Party of India,381070,0.06,0,,,
Bharath Dharma Jana Sena,380847,0.06,0,,,
Naga People's Front,363527,0.06,1,,,
Pragatishil Samajwadi Party (Lohia),344546,0.06,0,,,
All India Forward Bloc,322507,0.05,0,,,
Suheldev Bharatiya Samaj Party,313925,0.05,0,,,
Punjab Ekta Party,296620,0.05,0,,,
Maharashtra Swabhiman Paksha,281578,0.05,0,,,
Jammu & Kashmir National Conference,280356,0.05,3,,,
United Democratic Party,267256,0.04,0,,,
All India N.R. Congress,247956,0.04,0,,,
Indian National Lok Dal,240258,0.04,0,,,
Mizo National Front,224286,0.04,1,,,
Tamil Maanila Congress,220849,0.04,0,,,
Gondwana Ganatantra Party,210088,0.03,0,,,
Jansatta Dal (Loktantrik),203369,0.03,0,,,
Social Democratic Party of India,169680,0.03,0,,,
Sikkim Krantikari Morcha,166922,0.03,1,,,
Nawan Punjab Party,161645,0.03,0,,,
Kerala Congress,155135,0.03,0,,,
Sikkim Democratic Front,154489,0.03,0,,,
Peoples Party of India (Democratic),153103,0.02,0,,,
Jammu and Kashmir People's Conference,133612,0.02,0,,,
Hindusthan Nirman Dal,122972,0.02,0,,,
Uttama Prajaakeeya Party,120800,0.02,0,,,
Bhartiya Shakti Chetna Party,105997,0.02,0,,,
Voters Party International,105972,0.02,0,,,
Jan Adhikar Party (Loktantrik),97631,0.02,0,,,
Bharat Prabhat Party,92100,0.02,0,,,
Communist Party of India (Marxist–Leninist) Red St,90645,0.01,0,,,
Indigenous People's Front of Tripura,89529,0.01,0,,,
Jammu and Kashmir Peoples Democratic Party,84054,0.01,0,,,
Jan Adhikar Party,79975,0.01,0,,,
Pyramid Party of India,77169,0.01,0,,,
Republican Party of India (Athawale),71524,0.01,0,,,
Rashtriya Hindu Sena,67782,0.01,0,,,
Shoshit Samaj Dal,63543,0.01,0,,,
Moulik Adhikar Party,59235,0.01,0,,,
Rashtriya Samata Party (Secular),58110,0.01,0,,,
Telangana Jana Samithi,57073,0.01,0,,,
Rashtriya Jansambhavna Party,55868,0.01,0,,,
Loktanter Suraksha Party,55280,0.01,0,,,
Bahujan Republican Socialist Party,54266,0.01,0,,,
Shiromani Akali Dal (Amritsar)(Simranjit Singh Mann),52185,0.01,0,,,
Aihra National Party,50071,0.01,0,,,
Ambedkar National Congress,49149,0.01,0,,,
Akhil Bhartiya Gondwana Party,48426,0.01,0,,,
Bahujan Maha Party,46185,0.01,0,,,
Purvanchal Janta Party (Secular),43892,0.01,0,,,
Rashtravadi Janata Party,42905,0.01,0,,,
Bajjikanchal Vikas Party,40906,0.01,0,,,
Anti Corruption Dynamic Party,40214,0.01,0,,,
Peoples Democratic Party,39856,0.01,0,,,
Jammu and Kashmir National Panthers Party,39760,0.01,0,,,
North East India Development Party,37221,0.01,0,,,
Autonomous State Demand Committee,36915,0.01,0,,,
Amra Bangalee,36570,0.01,0,,,
Ambedkar Samaj Party,35076,0.01,0,,,
Jharkhand Party,35060,0.01,0,,,
Aam Adhikar Morcha,34845,0.01,0,,,
Bhartiya Lok Seva Dal,34643,0.01,0,,,
Tamil Nadu Ilangyar Katchi,34233,0.01,0,,,
Janhit Kisan Party,33902,0.01,0,,,
Sapaks Party,33366,0.01,0,,,
Bihar Lok Nirman Dal,32445,0.01,0,,,
Bharatiya Nyay-Adhikar Raksha Party,31308,0.01,0,,,
Aam Janta Party Rashtriya,31017,0.01,0,,,
Rashtriya Shoshit Samaj Party,30983,0.01,0,,,
Yuva Krantikari Party,30492,0,0,,,
Peace Party of India,29998,0,0,,,
Bharatiya Jan Kranti Dal (Democratic),29507,0,0,,,
Wazib Adhikar Party,29392,0,0,,,
Bhartiya Lokmat Rashtrwadi Party,29129,0,0,,,
Right to Recall Party,28817,0,0,,,
Rashtriya Samaj Paksha,28545,0,0,,,
People's Party of Arunachal,27703,0,0,,,
Janta Dal Rashtravadi,27584,0,0,,,
Jai Prakash Janata Dal,27404,0,0,,,
Bahujan Nyay Dal,26746,0,0,,,
"Dogra Swabhiman Sangathan Party,",26588,0,0,,,
Rashtriya Ulama Council,25756,0,0,,,
Samajwadi Janata Dal Democratic,25630,0,0,,,
Swatantra Jantaraj Party,25494,0,0,,,
Baliraja Party,24915,0,0,,,
Samagra Utthan Party,24816,0,0,,,
Bharatiya Momin Front,23765,0,0,,,
Rashtriya Janadhikar Suraksha Party,23580,0,0,,,
Hindu Mahasabha,23475,0,0,,,
Akhil Hind Forward Bloc (Krantikari),23252,0,0,,,
Welfare Party Of India,23035,0,0,,,
Satya Bahumat Party,22560,0,0,,,
Hindustan Shakti Sena,21771,0,0,,,
Asom Jana Morcha,21678,0,0,,,
Bhartiya Kisan Party,21551,0,0,,,
Moolniwasi Samaj Party,21234,0,0,,,
Indian New Congress Party,21095,0,0,,,
Marxist Communist Party of India (United),21045,0,0,,,
Sarvodaya Bharat Party,20764,0,0,,,
Rashtriya Rashtrawadi Party,20704,0,0,,,
India Praja Bandhu Party,20682,0,0,,,
Prahar Janshakti Party,20620,0,0,,,
Bharatiya Bahujan Congress,19500,0,0,,,
"Proutist Bloc, India",19457,0,0,,,
Jharkhand Party (Naren),18869,0,0,,,
Aapki Apni Party (Peoples),18866,0,0,,,
Lok Gathbandhan Party,18684,0,0,,,
Samajwadi Forward Bloc,18577,0,0,,,
Lokdal,18218,0,0,,,
Nagrik Ekta Party,18037,0,0,,,
Jantantrik Vikas Party,17955,0,0,,,
Vanchit Samaj Party,17856,0,0,,,
Revolutionary Marxist Party of India,17125,0,0,,,
Rashtriya Jansabha Party,16902,0,0,,,
Aam Janta Party (India),16749,0,0,,,
Bharatiya National Janta Dal,16743,0,0,,,
Hum Bhartiya Party,16672,0,0,,,
Aajad Bharat Party (Democratic),16481,0,0,,,
Rashtriya mahan Gantantra Party,16371,0,0,,,
Jharkhand People's Party,16195,0,0,,,
Bhartiya Anarakshit Party,15907,0,0,,,
Madhya Pradesh Jan Vikas Party,15472,0,0,,,
Bhartiya Dalit Party,15376,0,0,,,
Swaraj Party (Loktantrik),15132,0,0,,,
Vyavastha Parivartan Party,14974,0,0,,,
Sardar Vallabhbhai Patel Party,14882,0,0,,,
Bharatiya Praja Surajya Paksha,14757,0,0,,,
Republican Party of India (Karnataka),14746,0,0,,,
Janata Congress,14595,0,0,,,
Desiya Makkal Sakthi Katchi,14300,0,0,,,
Sarva Janata Party,14213,0,0,,,
Bhartiya Republican Party (Insan),14142,0,0,,,
Bahujan Awam Party,14060,0,0,,,
Marxist-Leninist Party of India (Red Flag),14016,0,0,,,
Jai Hind Party,13693,0,0,,,
Proutist Sarva Samaj,13535,0,0,,,
Janata Party,13467,0,0,,,
Purvanchal Mahapanchayat,13450,0,0,,,
Prism,13323,0,0,,,
Public Mission Party,13238,0,0,,,
Prabuddha Republican Party,13229,0,0,,,
Bharatiya Gana Parishad,13039,0,0,,,
Bhartiya Mitra Party,12737,0,0,,,
Kamatapur People's Party (United),12666,0,0,,,
Uttarakhand Kranti Dal (Democratic),12629,0,0,,,
Akhil Bhartiya Apna Dal,12538,0,0,,,
Sarvadharam Party (Madhya Pradesh),12525,0,0,,,
Rashtriya Lokswaraj Party,12459,0,0,,,
Kalinga Sena,12432,0,0,,,
Swatantra Bharat Paksha,12430,0,0,,,
Bhartiya Jan Satta Party,12416,0,0,,,
Party for Democratic Socialism,12087,0,0,,,
Republican Party of India,12015,0,0,,,
Smart Indians Party,11877,0,0,,,
Pragatisheel Samaj Party,11752,0,0,,,
Garib Janshakti Party,11678,0,0,,,
Ganasangam Party of India,11631,0,0,,,
Asli Deshi Party,11598,0,0,,,
Jana Jagruti Party,11464,0,0,,,
Janral Samaj Party,11324,0,0,,,
Aadarsh Mithila Party,11311,0,0,,,
Rashtriya Power Party,11248,0,0,,,
Kranti Kari Jai Hind Sena,11200,0,0,,,
Bhartiya Manavadhikaar Federal Party,11132,0,0,,,
All India Peoples' Front (Radical),11032,0,0,,,
Rashtriya Independent Morcha,10914,0,0,,,
Jan Sangharsh Virat Party,10569,0,0,,,
Poorvanchal Rashtriya Congress,10532,0,0,,,
Garvi Gujarat Party,10469,0,0,,,
Shiromani Akali Dal (Taksali),10424,0,0,,,
Yuva Jan Jagriti Party,10147,0,0,,,
Akhil Bhartiya Mithila Party,10127,0,0,,,
Hindustan Janta Party,9997,0,0,,,
Rashtriya Krantikari Samajwadi Party,9914,0,0,,,
Akhil Bharat Samagra Kranti Party,9912,0,0,,,
Bharat Bhrashtachar Mitao Party,9894,0,0,,,
Loktantrik Jan Swaraj Party,9868,0,0,,,
Praja Shanthi Party,9738,0,0,,,
Bharatiya Aam Awam Party,9628,0,0,,,
Indian Peoples Green Party,9538,0,0,,,
Bharatiya Kisan Parivartan Party,9503,0,0,,,
Samata Samadhan Party,9396,0,0,,,
Lok Jan Vikas Morcha,9278,0,0,,,
Rajnaitik Vikalp Party,9109,0,0,,,
Bharatiya Jana Sangh,9015,0,0,,,
Ulzaipali Makkal Katchy,9007,0,0,,,
Rashtriya Maratha Party,8997,0,0,,,
Rashtriya Janshakti Party (Secular),8900,0,0,,,
Pichhara Samaj Party United,8884,0,0,,,
Uttarakhand Kranti Dal,8830,0,0,,,
Vishva SHakti Party,8784,0,0,,,
Jharkhand Mukti Morcha (Ulgulan),8672,0,0,,,
Sathi Aur Aapka Faisala Party,8643,0,0,,,
Rashtriya Janasachetan Party (R.J.P.),8609,0,0,,,
Apna Dal United Party,8541,0,0,,,
Krupaa Party,8510,0,0,,,
Akhil Bhartiya Jharkhand Party,8484,0,0,,,
Bahujan Azad Party,8421,0,0,,,
Loksangram,8418,0,0,,,
Rashtra Sewa Dal,8381,0,0,,,
Apna Kisan Party,8354,0,0,,,
Odisha Pragati Dal,8304,0,0,,,
Assam Dristi Party,8285,0,0,,,
Bharatiya Rashtriya Morcha,8260,0,0,,,
Pragatisheel Manav Samaj Party,8210,0,0,,,
Sanyukt Vikas Party,8205,0,0,,,
Bharatiya Aavaam Ekta Party,8164,0,0,,,
All India Hindustan Congress Party,8082,0,0,,,
Nava Praja Rajyam Party,8007,0,0,,,
Kisan Mazdoor Sangharsh Party,7974,0,0,,,
Indian Democratic Republican Front,7784,0,0,,,
AARAKSHAN VIRODHI PARTY,7697,0,0,,,
Akhand Samaj Party,7569,0,0,,,
Rashtriya Jan Adhikar Party (United),7561,0,0,,,
Bharatiya Samta Samaj Party,7370,0,0,,,
Mundadugu Praja Party,7342,0,0,,,
Sanatan Sanskriti Raksha Dal,7325,0,0,,,
Agila India Makkal Kazhagam,7320,0,0,,,
Naitik Party,7294,0,0,,,
Kanshiram Bahujan Dal,7255,0,0,,,
Bhartiya Janraj Party,7210,0,0,,,
Janhit Bharat Party,7192,0,0,,,
New Democratic Party of India,7081,0,0,,,
Rashtriya Kranti Party,6997,0,0,,,
Rashtriya Samanta Dal,6918,0,0,,,
Freethought Party of India,6884,0,0,,,
Rashtriya Apna Dal,6840,0,0,,,
Bahujan Samaj Party (Ambedkar),6802,0,0,,,
Samaj Adhikar Kalyan Party,6736,0,0,,,
Bhartiya Jan Nayak Party,6735,0,0,,,
Bharat Bhoomi Party,6730,0,0,,,
BhartiyaBahujanKranti Dal,6684,0,0,,,
Nationalist Justice Party,6531,0,0,,,
Bharateeya Manavadhikar party,6511,0,0,,,
Bhartiya Hind Fauj,6508,0,0,,,
Rashtriya Sarvjan Vikas Party,6497,0,0,,,
All India Jana Andolan Party,6495,0,0,,,
Parivartan Samaj Party,6469,0,0,,,
Sankhyanupati Bhagidari Party,6395,0,0,,,
Saman Aadmi Saman Party,6368,0,0,,,
Lok Sewa Dal,6313,0,0,,,
Sabka Dal United,6283,0,0,,,
Maanavvaadi Janta Party,6267,0,0,,,
Minorities Democratic Party,6198,0,0,,,
Jago Hindustan Party,6171,0,0,,,
Dalita Bahujana Party,6133,0,0,,,
Bharipa Bahujan Mahasangh,5971,0,0,,,
Jamat-E-Seratul Mustakim,5885,0,0,,,
Nationalist People's Front,5798,0,0,,,
Rashtriya Jan Gaurav Party,5768,0,0,,,
Jan Shakti Dal,5758,0,0,,,
Apna Desh Party,5682,0,0,,,
Bharat Nirman Party,5674,0,0,,,
Republican Sena,5654,0,0,,,
Kisan Party of India,5647,0,0,,,
Chhattisgarh Vikas Ganga Rashtriya Party,5540,0,0,,,
Anna YSR Congress Party,5511,0,0,,,
Awami Samta Party,5504,0,0,,,
Ezhuchi Tamilargal Munnetra Kazhagam,5482,0,0,,,
Prithviraj Janshakti Party,5451,0,0,,,
Uttarakhand Parivartan Party,5351,0,0,,,
Secular Democratic Congress,5321,0,0,,,
Akhil Bharatiya Muslim League (Secular),5179,0,0,,,
Annadata Party,5147,0,0,,,
Anaithu Makkal Puratchi Katchi,5089,0,0,,,
Swarna Bharat Party,5064,0,0,,,
Samajik Nyaya Party,5027,0,0,,,
Mazdoor Kirayedar Vikas Party,5017,0,0,,,
Samajwadi Janata Party(Karnataka),4991,0,0,,,
Samaanya Praja Party,4983,0,0,,,
Indian Labour Party (Ambedkar Phule),4923,0,0,,,
Bhartiya Navjawan Sena (Paksha),4917,0,0,,,
People's Party of India(secular),4914,0,0,,,
Democratic Party of India (Ambedkar),4913,0,0,,,
Rashtriya Jansangharsh Swaraj Party,4897,0,0,,,
Janta Kranti Party (Rashtravadi),4873,0,0,,,
Aasra Lokmanch Party,4856,0,0,,,
Nationalist Janshakti Party,4847,0,0,,,
Indian Christian Front,4832,0,0,,,
Jai Jawan Jai Kisan Party,4809,0,0,,,
Atulya Bharat Party,4737,0,0,,,
Bhartiya Krishak Dal,4696,0,0,,,
The National Road Map Party of India,4672,0,0,,,
Bhartiya Amrit Party,4632,0,0,,,
Prajatantrik Samadhan Party,4612,0,0,,,
Navbharat Nirman Party,4590,0,0,,,
Manavtawadi Samaj Party,4498,0,0,,,
National Jagaran Party,4444,0,0,,,
Mithilanchal Mukti Morcha,4413,0,0,,,
Republican Party of India (Khobragade),4402,0,0,,,
Ambedkarist Republican Party,4399,0,0,,,
Nava Samaj Party,4286,0,0,,,
Aadarsh Sangram Party,4283,0,0,,,
National Republican Congress,4278,0,0,,,
Navarang Congress Party,4265,0,0,,,
Prajaa Swaraaj Party,4179,0,0,,,
Jharkhand Anushilan Party,4164,0,0,,,
Pichhra Samaj Party,4073,0,0,,,
Manvadhikar National Party,4071,0,0,,,
Mulnibasi Party of India,4057,0,0,,,
All India Ulama Congress,4024,0,0,,,
"Rashtrawadi Party of India,",4016,0,0,,,
Indian Unity Centre,4003,0,0,,,
Manuvadi Party,3962,0,0,,,
Rashtriya Lok Sarvadhikar Party,3944,0,0,,,
Social Justice Party of India,3927,0,0,,,
Rashtriya Samajwadi Party (Secular),3926,0,0,,,
Subhashwadi Bhartiya Samajwadi Party (Subhas Party),3919,0,0,,,
Bharat Jan Aadhar Party,3919,0,0,,,
Socialist Party (India),3916,0,0,,,
Bhartiya Manav Samaj Party,3908,0,0,,,
Akhand Hind Party,3907,0,0,,,
National Women's Party,3903,0,0,,,
Rashtriya Sangail Party,3895,0,0,,,
Samata Kranti Dal,3877,0,0,,,
RASHTRIYA VIKLANG PARTY,3845,0,0,,,
Rashtriya Azad Manch,3799,0,0,,,
Bhartiya Kranti Vir Party,3778,0,0,,,
VANCHITSAMAJ INSAAF PARTY,3756,0,0,,,
Hindusthan Praja Paksha,3750,0,0,,,
Jan Seva Sahayak Party,3731,0,0,,,
Jan Samman party,3706,0,0,,,
Karnataka Praja Party (RaithaParva),3697,0,0,,,
Vikas Insaf Party,3694,0,0,,,
Rashtriya Sahara Party,3687,0,0,,,
Apna Samaj Party,3678,0,0,,,
Jan Satya Path Party,3646,0,0,,,
Indian National League,3644,0,0,,,
Bhartiya Sarvodaya Party,3638,0,0,,,
Tamizhaga Murpokku Makkal Katchi,3599,0,0,,,
Adhikar Vikas Party,3526,0,0,,,
Dalit Soshit Pichhara Varg Adhikar Dal,3522,0,0,,,
Bhartiya Panchyat Party,3449,0,0,,,
Aap Aur Hum Party,3434,0,0,,,
Rashtriya Jansurajya Party,3433,0,0,,,
Adarsh Samaj Party,3423,0,0,,,
Telangana Yuva Shakti,3407,0,0,,,
Rashtriya Jankranti Party,3405,0,0,,,
New All India Congress Party,3391,0,0,,,
Pragatisheel Lok Manch,3339,0,0,,,
Desiya Uzhavar Uzhaipalar Kazhagam,3337,0,0,,,
"Kisan Raksha Party,",3303,0,0,,,
Bharat Lok Sewak Party,3271,0,0,,,
Jai Maha Bharath Party,3267,0,0,,,
Rastriya Insaaf Party,3265,0,0,,,
Bhartiya Insan Party,3264,0,0,,,
Chandigarh Ki Aawaz Party,3186,0,0,,,
Rashtra Nirman Party,3167,0,0,,,
Samdarshi Samaj Party,3139,0,0,,,
Karnataka Karmikara Paksha,3084,0,0,,,
Rashtriya Mazdoor Ekta Party,3066,0,0,,,
Gorkha Rashtriya Congress,2952,0,0,,,
Samaj Bhalai Morcha,2917,0,0,,,
"Makkal Sananayaga Kudiyarasu Katchi,",2906,0,0,,,
Sarvshreshth Dal,2901,0,0,,,
Bharat Rakshak Party (Democratic),2880,0,0,,,
Yuva Vikas Party,2858,0,0,,,
Satya Kranti Party,2857,0,0,,,
National Labour Party,2833,0,0,,,
Republican Party of India (Kamble),2809,0,0,,,
Swabhiman Party,2805,0,0,,,
Shakti Sena (Bharat Desh),2802,0,0,,,
All India Puratchi Thalaivar Makkal Munnettra Kazhagam,2764,0,0,,,
Maharashtra Kranti Sena,2761,0,0,,,
Akhil Bhartiya Navnirman Party,2759,0,0,,,
Rashtriya Sahyog Party,2756,0,0,,,
Sabhi Jan Party,2751,0,0,,,
Loktantrik Janshakti Party,2725,0,0,,,
Rashtriya Pragati Party,2718,0,0,,,
All India Labour Party,2707,0,0,,,
Chhattisgarh Swabhiman Manch,2691,0,0,,,
Samta Vikas Party,2688,0,0,,,
Janvadi Party(Socialist),2640,0,0,,,
Bhartiya New Sanskar Krantikari Party,2640,0,0,,,
Akhand Rashtrawadi Party,2626,0,0,,,
Naam Indiar Party,2597,0,0,,,
Indian Indira Congress (R),2569,0,0,,,
Sunder Samaj Party,2568,0,0,,,
Sarvjan Lok Shakti Party,2554,0,0,,,
Tamil Telugu National Party,2516,0,0,,,
Kannada Chalavali Vatal Paksha,2510,0,0,,,
Bharatiya Minorities Suraksha Mahasangh,2484,0,0,,,
Jansatta Party,2484,0,0,,,
Voters Party,2478,0,0,,,
Mahamukti Dal,2477,0,0,,,
Nirbhay Bharteey Party,2449,0,0,,,
Mahasankalp Janta Party,2427,0,0,,,
"Kisan Raj Party,",2426,0,0,,,
Samajwadi Samaj Party,2417,0,0,,,
Lok Chetna Dal,2384,0,0,,,
Navbharat Ekta Dal,2371,0,0,,,
Janta Raj Vikas Party,2364,0,0,,,
Adarsh Nyay Rakshak Party,2360,0,0,,,
Netaji Subhash Chander Bose Rashtriya Azad Party,2342,0,0,,,
Janta Raj Party,2308,0,0,,,
Rashtriya Bharatiya Jan Jan Party,2291,0,0,,,
Rashtriya Aamjan Party,2272,0,0,,,
Samrat Ashok Sena Party,2214,0,0,,,
Bharatiya Bahujan Samta Party,2210,0,0,,,
Svatantra Bharat Satyagrah Party,2142,0,0,,,
Hind Congress Party,2094,0,0,,,
Tripura Peoples Party,2076,0,0,,,
Swatantra Samaj Party,2069,0,0,,,
Rashtriya Janmat Party,2058,0,0,,,
Uttar Pradesh Navnirman Sena,2051,0,0,,,
Uttarakhand Pragatisheel Party,2041,0,0,,,
Sajag Samaj Party,2041,0,0,,,
All India Praja Party,2023,0,0,,,
Andaman & Nicobar Janta Party,2017,0,0,,,
Karnataka Jantha Paksha,2013,0,0,,,
Indian Rakshaka Nayakudu Party,2012,0,0,,,
All India Uzhavargal Uzhaippalargal Katchi,1999,0,0,,,
Hamro Sikkim Party,1998,0,0,,,
Bhartiya Bhaichara Party,1995,0,0,,,
Sangharsh Sena,1987,0,0,,,
Adhunik Bharat Party,1976,0,0,,,
Rashtrawadi Chetna Party,1975,0,0,,,
Rashtriya Aadarsh Member Party,1965,0,0,,,
Sanman Rajkiya Paksha,1961,0,0,,,
Bharatiya Sampuran Krantikari Party,1948,0,0,,,
Rashtriya Dal United,1907,0,0,,,
Samajwadi Jan Parishad,1899,0,0,,,
Bhartiya Harit Party,1886,0,0,,,
Bhartiya Sarvjan Hitey Samaj Party,1852,0,0,,,
Rashtriya Gondvana Party,1850,0,0,,,
All India Minorities Front,1850,0,0,,,
Bundelkhand Kranti Dal,1849,0,0,,,
Republican Bahujan Sena,1820,0,0,,,
Jan Adesh Akshuni Sena,1812,0,0,,,
Bhartiya Kisan Union Samaj Party,1786,0,0,,,
Manipur Peoples Party,1783,0,0,,,
Rashtriya Bhagidari Samaj Party,1777,0,0,,,
Republican Party of India (Reformist),1777,0,0,,,
Rashtriya Matadata Party,1771,0,0,,,
Ahila India Dhayaga Makkal Munnetra Katchi,1765,0,0,,,
Al-Hind Party,1764,0,0,,,
Rashtriya Garib Dal,1749,0,0,,,
Vishwa Jana Party,1726,0,0,,,
Independent People’s Par,1723,0,0,,,
Pravasi Nivasi Party,1695,0,0,,,
Bharatiya Rashtravadi Samanta Party,1695,0,0,,,
Shri Janta Party,1672,0,0,,,
Mazdoor Dalit Kisaan Mahila Gareeb Party (Hindustani),1669,0,0,,,
Telangana Communist Party of India,1660,0,0,,,
Bharatiya Peoples Party,1649,0,0,,,
Rashtriya Samrasta Party,1648,0,0,,,
Rashtriya Naujawan Dal,1630,0,0,,,
National Lokmat Party,1628,0,0,,,
Jammu & Kashmir Pir Panjal Awami Party,1612,0,0,,,
Rashtriya Jantantrik Bharat Vikas Party,1600,0,0,,,
Rashtriya Jan Adhikar Party,1596,0,0,,,
Rashtriya Bahujan Congress Party,1574,0,0,,,
Kisan Majdoor Berojgar Sangh,1574,0,0,,,
Jwala Dal,1572,0,0,,,
Akhil Bharatiya Sena,1567,0,0,,,
Andhra Rastra Praja Samithi,1563,0,0,,,
Jan Shakti Ekta Party,1557,0,0,,,
Dr. Bhimrao Ambedkar Dal,1549,0,0,,,
Rashtrawadi Shramjeevi Dal,1548,0,0,,,
"Vishwa Manav Samaj Kalyan Parishad,",1529,0,0,,,
Bhartiya Azad Sena,1527,0,0,,,
Gujarat Janta Panchayat Party,1524,0,0,,,
Forward Democratic Labour Party,1519,0,0,,,
Republican Paksha (Khoripa),1506,0,0,,,
Sikkim Republican Party,1503,0,0,,,
Praja Satta Party,1462,0,0,,,
National Bhrashtachar Mukt Party,1453,0,0,,,
Engineers Party,1442,0,0,,,
Bhapase Party,1434,0,0,,,
Hum Sabki Party,1432,0,0,,,
Jai Hind Samaj Party,1431,0,0,,,
Rastriya Aam Jan Seva Party,1425,0,0,,,
Ahinsa Samaj Party,1424,0,0,,,
Rashtriya Janvikas Party (Democratic),1414,0,0,,,
Prism,1400,0,0,,,
Bhartiya Jan Sampark Party,1392,0,0,,,
Sabse Achchhi Party,1360,0,0,,,
Prajatantra Aadhar Party,1346,0,0,,,
Manav Kranti Party,1344,0,0,,,
Navodayam Party,1341,0,0,,,
Kalyankari Jantantrik Party,1336,0,0,,,
Rashtriya Vyapari Party,1326,0,0,,,
Yekikrutha Sankshema Rashtriya Praja Party,1320,0,0,,,
Puducherry Development Party,1319,0,0,,,
National Fifty Fifty Front,1308,0,0,,,
Shane Hind Fourm,1306,0,0,,,
Yuva Sarkar,1296,0,0,,,
Rashtra Vikas Zumbes Party,1290,0,0,,,
All Indian Rajiv Congress Party,1282,0,0,,,
Anjaan Aadmi Party,1281,0,0,,,
Ekta Samaj Party,1270,0,0,,,
Bharatiya Bahujan Parivartan Party,1268,0,0,,,
Rashtriya Janta Party,1264,0,0,,,
Andhra Chaitanya Party,1263,0,0,,,
Rashtriya Ambedkar Dal,1258,0,0,,,
Manipur Democratic Peoples's Front,1256,0,0,,,
United States of India Party,1244,0,0,,,
"Jharkhand Party (Secular),",1244,0,0,,,
Rayalaseema Rashtra Samithi,1229,0,0,,,
Rashtravadi Party (Bharat),1225,0,0,,,
Prem Janata Dal,1223,0,0,,,
Radical Democrats,1220,0,0,,,
Bhartiya Jan Samman Party,1218,0,0,,,
Karnataka Pragnyavantha Janatha Party,1207,0,0,,,
Bharatiya Prajagala Kalyana Paksha,1184,0,0,,,
Navsarjan Bharat Party,1160,0,0,,,
National Development Party,1138,0,0,,,
Navataram Party,1135,0,0,,,
Lokjagar Party,1135,0,0,,,
Makkalatchi Katchi,1115,0,0,,,
Vivasayigal Makkal Munnetra Katchi,1108,0,0,,,
Sarvjan Sewa Party,1085,0,0,,,
Bharatiya Bahujan Party,1069,0,0,,,
Rashtriya Janwadi Party (Socialist),1060,0,0,,,
New India Party,1059,0,0,,,
Jai Swaraj Party,1056,0,0,,,
Bharatiya Jan Morcha Party,1055,0,0,,,
National Youth Party,1053,0,0,,,
Telangana Sakalajanula Party,1048,0,0,,,
Bhartiya Nojawan Dal,1047,0,0,,,
National Apni Party,1044,0,0,,,
Hindu Samaj Party,1014,0,0,,,
Bahujana Raajyam Party (Phule Ambedkar),1008,0,0,,,
Akhil Bhartiya Ekata Party,1006,0,0,,,
Rashtriya Praja Congress (Secular),996,0,0,,,
Bharatiya Rashtravadi Paksha,992,0,0,,,
Navnirman Party,985,0,0,,,
Shiromani Lok Dal Party,984,0,0,,,
Bhartiya Vanchitsamaj Party,984,0,0,,,
Mera Adhikaar Rashtriya Dal,973,0,0,,,
Ahimsa Socialist Party,972,0,0,,,
Himachal Jan Kranti Party,970,0,0,,,
Lok Jan Sangharsh Party,968,0,0,,,
Challengers Party,958,0,0,,,
Bhartiya Naujawan Inklav Party,932,0,0,,,
Ambedkar Yug Party,921,0,0,,,
Janapaalana Party (Democratic),913,0,0,,,
All Pensioner’s Par,892,0,0,,,
National Nava Kranthi Party,887,0,0,,,
Akhil Bharatiya Manavata Paksha,885,0,0,,,
Saaf Party,882,0,0,,,
Hamari Apni Party,847,0,0,,,
Adarshwaadi Congress Party,838,0,0,,,
Bharatiya Sarvodaya Kranti Party,829,0,0,,,
Azad Mazdoor Kissan Party,829,0,0,,,
Indian Gandhiyan Party,824,0,0,,,
Bharatiya Majdoor Janta Party,822,0,0,,,
The Future India Party,820,0,0,,,
Raita Bharat Party,811,0,0,,,
Rashtriya Nav Nirman Bharat Party,811,0,0,,,
Socialist Janata Party,805,0,0,,,
Rashtriya Mangalam Party,798,0,0,,,
Rashtriya Janutthan Party,776,0,0,,,
Ilantamilar Munnani Kazhagam,748,0,0,,,
Rashtriya Janhit Sangharsh Party,747,0,0,,,
Bahujan Suraksha Dal,743,0,0,,,
Sarvodaya Prabhat Party,740,0,0,,,
Akhil Bhartiya Sarvadharma Samaj Party,735,0,0,,,
Samajtantric Party of India,730,0,0,,,
Bhartiya Pragatisheel Congress,724,0,0,,,
Inqalab Vikas Dal,718,0,0,,,
Adim Bhartiya Dal,716,0,0,,,
Jan Sangh Party,712,0,0,,,
Loktantrik Rashrtavadi Party,705,0,0,,,
Rashtriya Jansena Party,699,0,0,,,
Jai Vijaya Bharathi Party,696,0,0,,,
Punjab Labour Party,692,0,0,,,
Universal Brotherhood Movement,689,0,0,,,
SARVA VIKAS PARTY,688,0,0,,,
Majdoor Kisan Union Party,687,0,0,,,
Khusro Sena Party,687,0,0,,,
B. C. United Front,649,0,0,,,
Anaithu Makkal Katchi,645,0,0,,,
Akila India Vallalar Peravai,643,0,0,,,
National Dalitha Dhal Party,628,0,0,,,
Bhartiya Navodaya Party,619,0,0,,,
Sikkim United Front,614,0,0,,,
Mahila & Yuva Shakti Party,605,0,0,,,
Democratic Corruption Liberation Front,596,0,0,,,
Rashtriya Backward Party,584,0,0,,,
Fauji Janta Party,564,0,0,,,
Aadarsh Janata Sewa Party,551,0,0,,,
People’s Union Par,547,0,0,,,
Rashtriya Jatigat Aarakshan Virodhi Party,535,0,0,,,
Real Democracy Party,532,0,0,,,
Swarnim Bharat Inquilab,527,0,0,,,
Telangana Prajala Party,521,0,0,,,
Kartavya Rashtriya Party,512,0,0,,,
Akhil Bhartiya Lok Dal,503,0,0,,,
Bahujan Samyak Party (Mission),501,0,0,,,
Democratic Party of India,499,0,0,,,
Christian Democratic Front,494,0,0,,,
Bhartiya Janta Dal,489,0,0,,,
Lokpriya Samaj Party,478,0,0,,,
Rashtriya Vikas Party,477,0,0,,,
Rashtravadi Kranti Dal,475,0,0,,,
Jai Lok Party,473,0,0,,,
Bharatrashtra Democratic Party,472,0,0,,,
Republican Party of India Ektavadi,463,0,0,,,
Bhartiya Rashtrawadi Party,461,0,0,,,
United Democratic Front Secular,451,0,0,,,
Hardam Manavtawadi Rashtriya Dal,447,0,0,,,
Rashtriya Ahinsa Manch,440,0,0,,,
Bhartiya Janta Dal (Integrated),435,0,0,,,
Democratic Prajakranthi Party Secularist,429,0,0,,,
Sanjhi Virasat Party,419,0,0,,,
All Indians Party,396,0,0,,,
Gareeb Aadmi Party,385,0,0,,,
All Peoples Party,370,0,0,,,
Rajyadhikara Party,368,0,0,,,
Rashtriya Samta Vikas Party,349,0,0,,,
Daksha Party,346,0,0,,,
Tola Party,330,0,0,,,
Corruption Abolition Party,275,0,0,,,
Desh Janhit Party,273,0,0,,,
Independent,16467341,2.69,4,,,
,,6513355,1.06,,,
Vacant,,,,1,,
Nominated Anglo-Indian,,,,2,,
Total,,613146768,100,545,,
,,,,,,
Valid votes,,613146768,99.92,,,
Invalid/blank votes,,509530,0.08,,,
Total votes,,613656298,100,,,
Registered voters/turnout,,910512091,67.4,,,
,,,,,,
2024,,,,,,
Party/alliance,,,Votes,%,Seats,
NDA,,Bharatiya Janata Party,235974144,36.56,240,
,,Telugu Desam Party,12775270,1.98,16,
,,Janata Dal (United),8039663,1.25,12,
,,Shiv Sena,7401447,1.15,7,
,,Lok Janshakti Party (Ram Vilas),2810250,0.44,5,
,,Janata Dal (Secular),2173701,0.34,2,
,,Nationalist Congress Party,2059179,0.32,1,
,,Pattali Makkal Katchi,1879689,0.29,0,
,,Jana Sena Party,1454138,0.23,2,
,,Asom Gana Parishad,1298707,0.2,1,
,,Rashtriya Lok Dal,893460,0.14,2,
,,Apna Dal (Soneylal),808245,0.13,1,
,,Bharath Dharma Jana Sena,505753,0.08,0,
,,Hindustani Awam Morcha,494960,0.08,1,
,,United People's Party Liberal,488995,0.08,1,
,,Rashtriya Samaj Paksha,521746,0.08,0,
,,All Jharkhand Students Union,458677,0.07,1,
,,National People's Party,417930,0.06,0,
,,Tamil Maanila Congress,410401,0.06,0,
,,Amma Makkal Munnettra Kazhagam,393415,0.06,0,
,,Nationalist Democratic Progressive Party,350967,0.05,0,
,,Suheldev Bharatiya Samaj Party,340188,0.05,0,
,,Naga People's Front,299536,0.05,0,
,,Rashtriya Lok Morcha,253876,0.04,0,
,,Sikkim Krantikari Morcha,164396,0.03,1,
,Total,,282668733,43.8,293,
INDIA,,Indian National Congress,136758952,21.19,99,
,,Samajwadi Party,29549389,4.58,37,
,,All India Trinamool Congress,28213393,4.37,29,
,,Dravida Munnetra Kazhagam,11754710,1.82,22,
,,Communist Party of India (Marxist),11342553,1.76,4,
,,Rashtriya Janata Dal,10107402,1.57,4,
,,Shiv Sena (Uddhav Balasaheb Thackeray),9567779,1.48,9,
,,Aam Aadmi Party,7147800,1.11,3,
,,Nationalist Congress Party – Sharadchandra Paw,5921162,0.92,8,
,,Communist Party of India,3157184,0.49,2,
,,Jharkhand Mukti Morcha,2652955,0.41,3,
,,Indian Union Muslim League,1716186,0.27,3,
,,Communist Party of India (Marxist–Leninist) Liberati,1736761,0.27,2,
,,Bharat Adivasi Party,1257056,0.19,1,
,,Vikassheel Insaan Party,1187455,0.18,0,
,,Jammu and Kashmir National Conference,1147041,0.18,2,
,,Viduthalai Chiruthaigal Katchi,990237,0.15,2,
,,Rashtriya Loktantrik Party,596955,0.09,1,
,,Revolutionary Socialist Party,587363,0.09,1,
,,Marumalarchi Dravida Munnetra Kazhagam,542213,0.08,1,
,,Jammu and Kashmir Peoples Democratic Party,435980,0.07,0,
,,Assam Jatiya Parishad,414441,0.06,0,
,,Kerala Congress,364631,0.06,1,
,,All India Forward Bloc,284269,0.04,0,
,,Kerala Congress (Mani),277365,0.04,0,
,Total,,267711232,41.48,234,
YSR Congress Party,,,13316134,2.06,4,
Bahujan Samaj Party,,,13153830,2.04,0,
Biju Janata Dal,,,9412674,1.46,0,
All India Anna Dravida Munnetra Kazhagam,,,8952587,1.39,0,
Bharat Rashtra Samithi,,,3657237,0.57,0,
Naam Tamilar Katchi,,,3600088,0.56,0,
Shiromani Akali Dal,,,1814318,0.28,1,
Vanchit Bahujan Aaghadi,,,1582855,0.25,0,
All India Majlis-e-Ittehadul Muslimeen,,,1400215,0.22,1,
Desiya Murpokku Dravida Kazhagam,,,1128616,0.17,0,
Bodoland People's Front,,,777570,0.12,0,
Aazad Samaj Party (Kanshi Ram),,,691820,0.11,1,
Indian Secular Front,,,650229,0.1,0,
All India United Democratic Front,,,625954,0.1,0,
Voice of the People Party,,,571078,0.09,1,
Shiromani Akali Dal (Amritsar),,,521749,0.08,0,
Socialist Unity Centre of India (Communist),,,480987,0.07,0,
Gondwana Ganatantra Party,,,312997,0.05,0,
Bahujan Vikas Aaghadi,,,254517,0.04,0,
Peoples Party of India (Democratic),,,247985,0.04,0,
Indian National Lok Dal,,,226975,0.04,0,
Zoram People's Movement,,,208552,0.03,1,
Jammu and Kashmir Apni Party,,,208149,0.03,0,
Swabhimani Paksha,,,185371,0.03,0,
Gana Suraksha Party,,,180000,0.03,0,
Jammu and Kashmir People's Conference,,,174890,0.03,0,
Rashtriya Jansambhavna Party,,,168740,0.03,0,
Republican Party of India (Athawale),,,156302,0.02,0,
Twenty 20 Party,,,145450,0.02,0,
Mizo National Front,,,140264,0.02,0,
Ambedkarite Party of India,,,132444,0.02,0,
Bhartiya Shakti Chetna Party,,,115024,0.02,0,
Jannayak Janta Party,,,113827,0.02,0,
Akhil Bhartiya Parivar Party,,,110212,0.02,0,
Alliance of Democratic Reforms Party,,,108334,0.02,0,
Prahar Janshakti Party,,,90759,0.01,0,
Citizen Action Party – Sikk,,,83566,0.01,0,
New Rashtriya Samaj Party,,,83046,0.01,0,
Bharatheeya Jawan Kisan Party,,,78104,0.01,0,
Sikkim Democratic Front,,,77171,0.01,0,
Bahujan Maha Party,,,76254,0.01,0,
Viro Ke Vir Indian Party,,,75950,0.01,0,
Bahujan Mukti Party,,,73935,0.01,0,
Samata Party,,,73318,0.01,0,
Navarang Congress Party,,,67432,0.01,0,
Samnak Janta Party,,,67374,0.01,0,
Revolutionary Goans Party,,,64629,0.01,0,
Voters Party International,,,63496,0.01,0,
Lokhit Adhikar Party,,,62136,0.01,0,
Moolniwasi Samaj Party,,,61033,0.01,0,
Ekam Sanatan Bharat Dal,,,61024,0.01,0,
Right to Recall Party,,,58024,0.01,0,
Rashtriya Shoshit Samaj Party,,,53911,0.01,0,
Bhagidari Party (P),,,51979,0.01,0,
Karnataka Rashtra Samithi,,,51529,0.01,0,
Sardar Patel Siddhant Party,,,46145,0.01,0,
Republican Party of India (A),,,45567,0.01,0,
United Democratic Party (Meghalaya),,,44563,0.01,0,
Social Democratic Party of India,,,42465,0.01,0,
Hamar Raj Party,,,40746,0.01,0,
Democratic Progressive Azad Party,,,40665,0.01,0,
Uttama Prajaakeeya Party,,,40491,0.01,0,
Indian Peoples Green Party,,,39778,0.01,0,
Apna Dal (Kamerawadi),,,39128,0.01,0,
Dharma Samaj Party,,,38730,0.01,0,
Peace Party of India,,,38506,0.01,0,
Baliraja Party,,,33787,0.01,0,
Bahujan Bharat Party,,,32870,0.01,0,
Rashtra Uday Party,,,30073,0,0,
Bahujan Republican Socialist Party,,,29619,0,0,
Aadarsh Mithila Party,,,29550,0,0,
Samaj Shakti Party,,,29235,0,0,
Rashtriya Samanta Dal,,,28340,0,0,
Bharatiya Nyay-Adhikar Raksha Party,,,28192,0,0,
Bharatiya Yuva Jan Ekta Party,,,27969,0,0,
Pyramid Party of India,,,27966,0,0,
Bharatiya Gana Parishad,,,27554,0,0,
Abhinav Rajasthan Party,,,26294,0,0,
Bharatiya Praja Aikyata Party,,,26271,0,0,
Moulik Adhikar Party,,,25490,0,0,
Bhim Sena,,,25345,0,0,
Sanyukt Kisan Vikas Party,,,25291,0,0,
Prabuddha Republican Party,,,24361,0,0,
Bhartiya Sarthak Party,,,23640,0,0,
Jammu and Kashmir National Panthers Party (Bhim),,,23268,0,0,
Jatiya Jana Sena Party,,,22935,0,0,
Jai Bharat National Party,,,22466,0,0,
Al-Hind Party,,,22308,0,0,
Yuga Thulasi Party,,,22247,0,0,
Jagrook Janta Party,,,21566,0,0,
Bahujan Dravida Party,,,21388,0,0,
Shakti Sena (Bharat Desh),,,21036,0,0,
Maharashtra Vikas Aghadi,,,20721,0,0,
Desh Janhit Party,,,20498,0,0,
Manas Lokshakti Dal,,,20450,0,0,
Sarv Adi Dal,,,20348,0,0,
Log Party,,,20123,0,0,
Socialist Party (India),,,19941,0,0,
Jharkhand Party,,,19527,0,0,
Rashtriya Jan Kalyan Party Secular,,,19495,0,0,
Jharkhand People's Party,,,19494,0,0,
Rashtriya Jansabha Party,,,19318,0,0,
Republican Sena,,,18793,0,0,
Naba Bharata Nirmana Seva Party,,,18570,0,0,
Janta Kranti Party (Rashtravadi),,,18401,0,0,
Samajhdar Party,,,18223,0,0,
Jai Maha Bharath Party,,,18133,0,0,
Mithilanchal Mukti Morcha,,,18025,0,0,
Kisan Mazdoor Sangharsh Party,,,17336,0,0,
Bharatha Chaitanya Yuvajana Party,,,17173,0,0,
The National Road Map Party of India,,,17126,0,0,
India Praja Bandhu Party,,,16942,0,0,
Navataram Party,,,16864,0,0,
Rashtriya Sanatan Party,,,16859,0,0,
National Apni Party,,,16694,0,0,
Karpoori Janta Dal,,,16512,0,0,
Wazib Adhikar Party,,,16506,0,0,
Sainik Samaj Party,,,16040,0,0,
Bhartiya Lokmat Rashtrwadi Party,,,15411,0,0,
Pragatisheel Manav Samaj Party,,,15250,0,0,
Jan Janwadi Party,,,15240,0,0,
Jaibhim Rao Bharat Party,,,15165,0,0,
Hindustan Vikas Dal,,,15140,0,0,
Aam Janta Party (India),,,14729,0,0,
Jai Prakash Janata Dal,,,14477,0,0,
Rashtriya Praja Congress (Secular),,,14219,0,0,
Jantantra Awaj Party,,,14218,0,0,
Mulnibasi Party of India,,,14168,0,0,
"Proutist Bloc, India",,,14110,0,0,
Malwa Congress,,,13925,0,0,
Hindu Samaj Party,,,13824,0,0,
Rashtriya Ulama Council,,,13657,0,0,
Rashtriya Jan Jan Party,,,13213,0,0,
Jai Hind Party,,,13014,0,0,
Naadaalum Makkal Katchi,,,12895,0,0,
Swatantrata Abhivyakti Party,,,12741,0,0,
Veerath Thiyagi Viswanathadoss Thozhilalarkal Katchi,,,12735,0,0,
Bhartiya Lok Nayak Party,,,12411,0,0,
Mahanwadi Party,,,12364,0,0,
Rashtriya Kisan Bahujan Party,,,12309,0,0,
Parivartan Samaj Party,,,12304,0,0,
Naki Bharatiya Ekta Party,,,12299,0,0,
Praja Velugu Party,,,12199,0,0,
Bhartiya Rashtriya Dal,,,12178,0,0,
Rashtrawadi Janlok Party (Satya),,,12049,0,0,
Azad Adhikar Sena,,,12021,0,0,
Bharatiya Jan Kranti Dal (Democratic),,,11914,0,0,
Anna YSR Congress Party,,,11459,0,0,
Rashtriya Gondvana Party,,,11446,0,0,
National Loktantrik Party,,,11286,0,0,
Desiya Makkal Sakthi Katchi,,,11211,0,0,
Kamatapur People’s Party (Unite,,,11206,0,0,
Bhartiya Dalit Party,,,11139,0,0,
National Jan Dal,,,11116,0,0,
United Republican Party of India,,,10997,0,0,
Hindustan People's Party (Democratic),,,10992,0,0,
Bharatiya Momin Front,,,10972,0,0,
Rashtra Nirman Party,,,10964,0,0,
Rashtriya Samaj Dal (R),,,10877,0,0,
Telangana Sakalajanula Party,,,10859,0,0,
Swarajya Shakti Sena,,,10802,0,0,
Swatantra Jantaraj Party,,,10627,0,0,
Pragatisheel Samaj Party,,,10553,0,0,
Apna Kisan Party,,,10538,0,0,
Dalita Bahujana Party,,,10311,0,0,
National Nava Kranthi Party,,,10284,0,0,
Bharatiya Kisan Parivartan Party,,,10272,0,0,
Rashtriya Uttarakhand Party,,,10026,0,0,
Indian National League,,,9918,0,0,
Akhil Hind Forward Bloc (Krantikari),,,9902,0,0,
Asom Jana Morcha,,,9895,0,0,
Rashtriya Devbhumi Party,,,9781,0,0,
Aam Janta Party Rashtriya,,,9760,0,0,
Autonomous State Demand Committee,,,9633,0,0,
Bahujan Samaj Party (Ambedkar),,,9391,0,0,
Sanatan Sanskriti Raksha Dal,,,9347,0,0,
Rashtriya Jan Awaz Party,,,9299,0,0,
Telangana Praja Shakthi Party,,,9290,0,0,
Uttarakhand Kranti Dal,,,9270,0,0,
Bharatiya National Janata Dal,,,9258,0,0,
Bharatiya Bahujan Congress,,,9165,0,0,
Jan Sewa Driver Party,,,9135,0,0,
Anti Corruption Dynamic Party,,,9128,0,0,
Samaniya Makkal Nala Katchi,,,8990,0,0,
Minorities Democratic Party,,,8978,0,0,
Hindrashtra Sangh,,,8970,0,0,
Jai Samta Party,,,8933,0,0,
Janata Congress,,,8900,0,0,
Liberation Congress Party,,,8900,0,0,
Bhartiya Kranti Vir Party,,,8749,0,0,
Yuva Krantikari Party,,,8736,0,0,
Akhil Bhartiya Apna Dal,,,8678,0,0,
Abhay Samaj Party,,,8583,0,0,
New India United Party,,,8542,0,0,
Social Justice Party of India,,,8519,0,0,
Mera Adhikaar Rashtriya Dal,,,8514,0,0,
Democratic Bharatiya Samaj Party,,,8472,0,0,
Jammu and Kashmir Nationalist People's Front,,,8453,0,0,
Parcham Party of India,,,8404,0,0,
Dhanwan Bharat Party,,,8389,0,0,
Nationalist Justice Party,,,8357,0,0,
Eklavya Samaj Party,,,8352,0,0,
Aravor Munnetra Kazhagam,,,8345,0,0,
Andaman Nicobar Democratic Congress,,,8254,0,0,
Purvanchal Mahapanchayat,,,8217,0,0,
Janhit Sankalp Party,,,8194,0,0,
Aas Punjab Party,,,8114,0,0,
Dr. Ambedkar People's Party,,,8089,0,0,
Dhesiya Makkal Kazhagam,,,8089,0,0,
Hindustan Janta Party,,,7914,0,0,
Rashtriya Jansangharsh Swaraj Party,,,7803,0,0,
Ganasangam Party of India,,,7776,0,0,
Gunj Satya Ni Janata Party,,,7761,0,0,
Bajjikanchal Vikas Party,,,7747,0,0,
Bharat Jan Jagran Dal,,,7736,0,0,
Global Republican Party,,,7734,0,0,
Praja Shanthi Party,,,7696,0,0,
Jai Swaraj Party,,,7684,0,0,
Rashtriya Jankranti Party,,,7646,0,0,
Haryana Jansena Party,,,7646,0,0,
Loktantrik Samajwadi Party,,,7554,0,0,
Naam Indiar Party,,,7430,0,0,
All India Arya Mahasabha,,,7345,0,0,
Manavtawadi Samaj Party,,,7136,0,0,
Samruddha Odisha,,,7087,0,0,
Marxist Leninist Party of India (Red Flag),,,7085,0,0,
Jan Sangh Party,,,7060,0,0,
Sarv Samaj Party,,,6879,0,0,
Andhra Rastra Praja Samithi,,,6846,0,0,
Subhashwadi Bhartiya Samajwadi Party (Subhas Party),,,6698,0,0,
Vishwa Kalyan Rashtriya Manav Samaj Party,,,6678,0,0,
Party for Democratic Socialism,,,6651,0,0,
Arunachal Democratic Party,,,6622,0,0,
Rashtriya Jansanchar Dal,,,6617,0,0,
Samata Samadhan Party,,,6614,0,0,
Nyaydharmsabha,,,6607,0,0,
Bheem Tribal Congress,,,6603,0,0,
Loktantrik Samajik Nyay Party,,,6542,0,0,
Samaj Vikas Kranti Party,,,6373,0,0,
Bharat Jago Janta Party,,,6340,0,0,
Rashtriya Janshakti Party (Secular),,,6251,0,0,
Chhattisgarh Vikas Ganga Rashtriya Party,,,6227,0,0,
Bhartiya Awam Party (Rastriya),,,6160,0,0,
Aapki Awaaz Party,,,6087,0,0,
Sanman Rajkiya Paksha,,,6075,0,0,
North Bengal People’s Par,,,6073,0,0,
Bharat Jodo Party,,,6045,0,0,
Aapki Apni Party (Peoples),,,6033,0,0,
Bhartiya Jan Samman Party,,,5968,0,0,
Rashtra Sewa Dal,,,5919,0,0,
Telugu Rajadhikara Samiti Party,,,5906,0,0,
Bhartiya Lok Chetna Party,,,5852,0,0,
Aihra National Party,,,5833,0,0,
Indian National Socialistic Action Forces,,,5781,0,0,
Uttarakhand Parivartan Party,,,5778,0,0,
Sarva Janata Party,,,5771,0,0,
Bhartiya Krishak Dal,,,5723,0,0,
Rashtravadi Bharat Party,,,5702,0,0,
Hindustan Shakti Sena,,,5625,0,0,
Bharatiya Aam Awam Party,,,5585,0,0,
Jaathia Chethi Vruthula Ikya Vedika Party,,,5568,0,0,
Karnataka Jantha Paksha,,,5491,0,0,
Adarsh Nyay Rakshak Party,,,5484,0,0,
All India Majlis-E-Inquilab-E-Millat,,,5454,0,0,
Jai Hind National Party,,,5451,0,0,
National Awami United Party,,,5319,0,0,
Samaj Parivartan Party,,,5303,0,0,
Samyak Party,,,5250,0,0,
Krupaa Party,,,5242,0,0,
Delhi Janta Party,,,5235,0,0,
Dharmarajya Paksha,,,5233,0,0,
Bhartiya Navjawan Sena (Paksha),,,5183,0,0,
Kisan Kranti Dal,,,5153,0,0,
Sardar Vallabhbhai Patel Party,,,5152,0,0,
Sapaks Party,,,5149,0,0,
Sabhi Jan Party,,,5147,0,0,
Apni Ekta Party,,,5139,0,0,
Rashtriya Garib Dal,,,5105,0,0,
Loktantra Congress Party,,,5100,0,0,
National World Leader Party,,,5063,0,0,
Public Political Party,,,5054,0,0,
Janhit Kisan Party,,,5030,0,0,
Political Justice Party,,,5023,0,0,
Sarvjan Samta Party,,,5020,0,0,
Hindustan Samaj Party,,,4991,0,0,
Bharat Rakshak Party (Democratic),,,4961,0,0,
Jay Vidarbha Party,,,4951,0,0,
Punjab National Party,,,4934,0,0,
Amra Bangalee,,,4925,0,0,
Bhartiya Gandhiwadi Party,,,4822,0,0,
Rashtriya Republican Party,,,4801,0,0,
Sikkim Republican Party,,,4799,0,0,
Puthiya Makkal Tamil Desam Katchi,,,4768,0,0,
Rashtriya Mahaswaraj Bhumi Party,,,4764,0,0,
Vidhyarthula Rajakiya Party,,,4747,0,0,
Bhartiya Rashtriya Ekta Dal,,,4732,0,0,
Anna MGR Dravida Makkal Kalgam,,,4629,0,0,
Shoshit Samaj Dal,,,4618,0,0,
Janseva Gondwana Party,,,4617,0,0,
Bharat Mahaparivar Party,,,4582,0,0,
Janshakti Samta Party,,,4577,0,0,
Tipu Sultan Party,,,4547,0,0,
Bhartiya Samajik Party,,,4507,0,0,
Karunaadu Party,,,4481,0,0,
Telangana Rashtra Punahnirmana Samithi,,,4433,0,0,
Azad Janata Party,,,4429,0,0,
Rishivadi Karm Sheel Young Parmarthi Party,,,4401,0,0,
Jebamani Janata,,,4356,0,0,
Bhartiya Panchsheel Party,,,4345,0,0,
Bharatiya Asha Party,,,4300,0,0,
Apna Desh Party,,,4297,0,0,
Kalinga Sena,,,4284,0,0,
Akhil Bhartiya Hamara Samaj Party,,,4225,0,0,
Gujarat Sarva Samaj Party,,,4211,0,0,
National Maha Sabha Party,,,4184,0,0,
Karunada Sevakara Party,,,4175,0,0,
Loktantrik Lok Rajyam Party,,,4169,0,0,
Apni Prajahit Party,,,4109,0,0,
Apna Haq Party,,,4094,0,0,
Swaraj Bhartiya Nyay Party,,,4088,0,0,
Indian Peoples Adhikar Party,,,4041,0,0,
Tamilaga Makkal Thannurimai Katchi,,,4033,0,0,
Bhartiya Jan Parishad,,,4020,0,0,
Bharathiya YuvaKula Dalam,,,4007,0,0,
Bahujan Awam Party,,,3989,0,0,
Garib Kalyan Party,,,3979,0,0,
Lok Jan Sangharsh Party,,,3954,0,0,
Akhand Bharat Samrajya Party,,,3930,0,0,
Rashtriya Samta Vikas Party,,,3926,0,0,
Rashtrawadi Chetna Party,,,3915,0,0,
Rashtriya Manav Party,,,3905,0,0,
Akhil Bhartiya Sarvjan Hit Party,,,3892,0,0,
Akhila Vijaya Party,,,3882,0,0,
Gondwana Dandkaranya Party,,,3857,0,0,
Swatantra Kisan Party,,,3849,0,0,
Uttarakhand Samanta Party,,,3845,0,0,
Mizoram People's Conference,,,3793,0,0,
Insaniyat Party,,,3790,0,0,
Thakkam Katchi,,,3785,0,0,
Bharat Nirman Party,,,3772,0,0,
Telugu Nava Garjana Party,,,3741,0,0,
Country Citizen Party,,,3712,0,0,
Asankhya Samaj Party,,,3672,0,0,
Sanyukt Bharat Paksh,,,3656,0,0,
Mana Telangana Rashtra Samaikya Party,,,3634,0,0,
Jai Sewalal Bahujan Vikas Party,,,3628,0,0,
All India Youth Development Party,,,3528,0,0,
Lok Sewa Dal,,,3519,0,0,
Marxist Communist Party of India (United),,,3505,0,0,
Naari Nar Rakshak Party,,,3501,0,0,
Bharatiya Bikash Parishad,,,3430,0,0,
Prabuddhwadi Bahujan Morcha,,,3414,0,0,
Sunder Samaj Party,,,3409,0,0,
People's Party of India(secular),,,3392,0,0,
Jan Raajya Party,,,3376,0,0,
Bharatiya Rashtriya Morcha,,,3358,0,0,
Vanchitsamaj Insaaf Party,,,3330,0,0,
Sarvjan Lok Shakti Party,,,3280,0,0,
Janta Samta Party,,,3264,0,0,
Rashtriya Janshakti Party(Eklavya),,,3263,0,0,
Majloom Samaj Party,,,3237,0,0,
Rashtra Samarpan Party,,,3205,0,0,
"Aam Janmat Party,",,,3205,0,0,
Republican Party of India,,,3204,0,0,
Republican Bahujan Sena,,,3161,0,0,
Abua Jharkhand Party,,,3155,0,0,
Bhartiya Jantantra Morcha,,,3094,0,0,
Anna Puratchi Thalaivar Amma Dravida Munnetra Kazhagam,,,3078,0,0,
Bhumiputra United Party,,,3018,0,0,
Bhartiya Azad Sena,,,3018,0,0,
Lok Swarajya Party,,,2992,0,0,
Rashtriya Janshakti Samaj Party,,,2988,0,0,
Mahathma Makkal Munnetra Kazhakam,,,2981,0,0,
Rashtriya Maratha Party,,,2978,0,0,
Kranti Kari Jai Hind Sena,,,2976,0,0,
Jan Shakti Dal,,,2955,0,0,
Justice Party,,,2946,0,0,
Sampoorna Bharat Kranti Party,,,2944,0,0,
Ummeed Party of India,,,2944,0,0,
Samst Samaj Party,,,2904,0,0,
Navabharath Sena,,,2898,0,0,
Republican Party of India (Social),,,2818,0,0,
Bharatiya Prajagala Kalyana Paksha,,,2816,0,0,
Azad Samaj Party,,,2791,0,0,
Navyug Pragatisheel Morcha,,,2779,0,0,
Akhil Bharatiya Congress Dal (Ambedkar),,,2777,0,0,
Garib Democratic Party,,,2748,0,0,
Bharatiya Praja Surajya Paksha,,,2737,0,0,
Saath Sahakar Vikas Party,,,2673,0,0,
Sathi Aur Aapka Faisala Party,,,2666,0,0,
Bhartiya Jan Samrat Party,,,2640,0,0,
Jharkhand Mukti Morcha (Ulgulan),,,2615,0,0,
Viduthalai Kalam Katchi,,,2599,0,0,
Bharatiya Majdoor Janta Party,,,2566,0,0,
Swarajya Sena (Maharashtra),,,2533,0,0,
Smart Indians Party,,,2510,0,0,
Anna Makkal Katchi,,,2505,0,0,
All India Ulama Congress,,,2500,0,0,
Pragatisheel Magahi Samaj,,,2468,0,0,
Gujarat Loktantra Party,,,2458,0,0,
Odisha Janata Party,,,2442,0,0,
Bharatiya Nagrik Party,,,2434,0,0,
Aapka Gantantra Party,,,2432,0,0,
Prajatantra Aadhar Party,,,2429,0,0,
Bhartiya Manavta Party,,,2426,0,0,
Gareeb Aadmi Party,,,2425,0,0,
Ahimsa Socialist Party,,,2421,0,0,
Bangali Nabanirman Sena,,,2410,0,0,
India Greens Party,,,2387,0,0,
Sarva Samaj Janata Party,,,2379,0,0,
Vishva Shakti Party,,,2361,0,0,
Lok Sena Party,,,2350,0,0,
Rashtriya Jantantrik Bharat Vikas Party,,,2347,0,0,
National Youth Party,,,2343,0,0,
Dalit Soshit Pichhara Varg Adhikar Dal,,,2342,0,0,
Rayalaseema Rashtra Samithi,,,2333,0,0,
Samajwadi Janata Party(Karnataka),,,2320,0,0,
Tamil Manila Murpokku Dravida Kazhagam,,,2315,0,0,
Azad Party,,,2311,0,0,
Bharat Ki Lok Jimmedar Party,,,2310,0,0,
Rashtriya Jan Utkarsh Party,,,2309,0,0,
Rashtriya Sawarn Dal,,,2293,0,0,
Utkal Samaj,,,2285,0,0,
Akhil Bharat Hindu Mahasabha,,,2278,0,0,
New India Party,,,2269,0,0,
Aanaithinthiya Jananayaka Pathukappu Kazhagam,,,2244,0,0,
Sarvjan Awaz Party,,,2239,0,0,
Chennai Youth Party,,,2195,0,0,
Loktantrik Janshakti Party,,,2191,0,0,
Aam Aadmi Parivartan Party,,,2128,0,0,
Akhil Bhartiya Manavadhikar Vichar Manch Party,,,2108,0,0,
Majdoor Kisan Union Party,,,2105,0,0,
Rashtriya Power Party,,,2101,0,0,
Jai Hind Congress Party,,,2101,0,0,
Prabal Bharat Party,,,2099,0,0,
Sunahara Bharat Party,,,2091,0,0,
Most Backward Classes Of India,,,2090,0,0,
Apna Samaj Party,,,2083,0,0,
Manviya Bharat Party,,,2082,0,0,
Vikas Insaf Party,,,2033,0,0,
Sabse Achchhi Party,,,2029,0,0,
Republican Party of India (Karnataka),,,2018,0,0,
Bhartiya Sarvdharm Party,,,2012,0,0,
People’s Union Par,,,2009,0,0,
Spashtwadi Jan Aadhar Party,,,2003,0,0,
National Black Panther Party,,,1994,0,0,
Yuva Bihar Sena,,,1990,0,0,
Bhartiya Lokvani Party,,,1956,0,0,
Sankhyanupati Bhagidari Party,,,1949,0,0,
Saman Adhikar Party,,,1943,0,0,
Janta Shashan Party,,,1942,0,0,
Bhartiya Jan Adhikar Party,,,1940,0,0,
Humanity for Peace Party,,,1935,0,0,
Madhya Pradesh Jan Vikas Party,,,1932,0,0,
Ulzaipali Makkal Katchy,,,1929,0,0,
Mang Samaj Party,,,1905,0,0,
Tamilar Makkal Katchi,,,1904,0,0,
Samajwadi Lok Parishad,,,1880,0,0,
Bharatiya Sampuran Krantikari Party,,,1880,0,0,
Bhartiya Asmita Party,,,1874,0,0,
Kannada Chalavali Vatal Paksha,,,1867,0,0,
The Agrani Party,,,1843,0,0,
Bhartiya Jan Nayak Party,,,1838,0,0,
Vidarbha Rajya Aghadi,,,1828,0,0,
Himachal Janta Party,,,1825,0,0,
Adarsh Jankalyan Dal,,,1817,0,0,
Rashtriya Hind Ekta Dal,,,1806,0,0,
Blue India Party,,,1803,0,0,
Makkal Nalvaazhvuk Katchi,,,1792,0,0,
Prajavani Party,,,1792,0,0,
National Party,,,1767,0,0,
People Protection Party,,,1737,0,0,
Kosal Janata Dal,,,1735,0,0,
Indian Labour Party (Ambedkar Phule),,,1729,0,0,
Telangana Rajya Samithi,,,1727,0,0,
Ambedkarist Republican Party,,,1727,0,0,
Akhand Bharat Janpriya Party,,,1716,0,0,
Aim Political Party,,,1715,0,0,
Bharatiya Ekta Dal,,,1704,0,0,
Kamgaar Kisan Party,,,1701,0,0,
Ahinsa Samaj Party,,,1698,0,0,
Jindabad Kranti Party,,,1690,0,0,
Parivartan Party of India,,,1686,0,0,
Bhartiya Janta Secular Party,,,1685,0,0,
Rashtra Dharak Dal,,,1683,0,0,
Paschimanchal Vikas Party,,,1682,0,0,
Yuva Vikas Party,,,1679,0,0,
Bharat Jan Aadhar Party,,,1675,0,0,
Telangana Jaghir Party,,,1648,0,0,
Jana Sahayaka Sakthi,,,1644,0,0,
Rashtriya Lokswaraj Party,,,1641,0,0,
Rashtriya Janmorcha,,,1639,0,0,
Samajwadi Jan Parishad,,,1637,0,0,
Atulya Bharat Party,,,1617,0,0,
Young Star Empowerment Party,,,1616,0,0,
Prajarajya Samithi,,,1614,0,0,
Hamara Sahara Party,,,1614,0,0,
Sanjhi Virasat Party,,,1610,0,0,
Abhinav Bharat Janseva Paksh,,,1602,0,0,
Lokshahi Ekta Party,,,1585,0,0,
Adim Bhartiya Dal,,,1584,0,0,
Janta Samajwadi Party (Vivek Raj),,,1574,0,0,
Hindvi Swarajyay Dal,,,1573,0,0,
Indian Unity Centre,,,1572,0,0,
Bharatiya Liberal Party,,,1552,0,0,
Bhartiya Party,,,1549,0,0,
Bharatiya Lokshakti Party,,,1537,0,0,
Rashtriya Narayanwadi Vikas Party,,,1527,0,0,
All Peoples Party,,,1495,0,0,
Rashtriya Sanskriti Party,,,1494,0,0,
Public Adhikar Socialist Indian Party,,,1493,0,0,
Tamizhaga Murpokku Makkal Katchi,,,1488,0,0,
Bhartiya Uday Nirman Party,,,1483,0,0,
Aam Janshakti Party,,,1478,0,0,
Rashtra Samanya Praja Party,,,1474,0,0,
Janlok Vikas Party,,,1473,0,0,
Bharatiya Bahujan Samta Party,,,1459,0,0,
Telangana Republican Party,,,1452,0,0,
AARAKSHAN VIRODHI PARTY,,,1444,0,0,
Supreme Zero Party of Bharat,,,1441,0,0,
Vishal Janta Party,,,1421,0,0,
Samrat Mihir Bhoj Samaj Party,,,1412,0,0,
Swayam Shashan Party,,,1408,0,0,
Super Power India Party,,,1400,0,0,
"Adarsh Janta Party,",,,1376,0,0,
All India Mazdoor Party (Rangreta),,,1374,0,0,
Yuva Taram Party,,,1369,0,0,
Hindustan Janta Party Secular,,,1366,0,0,
Prithviraj Janshakti Party,,,1364,0,0,
Bhartiya Garib Vikas Kalyan Party,,,1347,0,0,
Rashtriya Janmanch (Secular),,,1333,0,0,
Gorkha Rashtriya Congress,,,1331,0,0,
Sakala Janula Party,,,1324,0,0,
Rashtriya Janta Party,,,1319,0,0,
Janshakti Janta Dal,,,1318,0,0,
Lok Samaj Party,,,1294,0,0,
Rashtriya Vikalp Party,,,1269,0,0,
Bahujana Left Party,,,1265,0,0,
Rajasthan Raj Party,,,1264,0,0,
Akhil Bharatiya Hind Kranti Party,,,1259,0,0,
Praja Ektha Party,,,1252,0,0,
Challengers Party,,,1243,0,0,
Rashtriya Vikas Party,,,1240,0,0,
Indian Believers Party (IBP),,,1239,0,0,
Pehchan People’s Par,,,1228,0,0,
Sarvar Party,,,1202,0,0,
National Future Party,,,1197,0,0,
Megh Desham Party,,,1194,0,0,
National Janmandal Party,,,1193,0,0,
Sajag Samaj Party,,,1191,0,0,
Awami Samta Party,,,1190,0,0,
Kamera Samaj Party,,,1177,0,0,
Adarshwaadi Congress Party,,,1173,0,0,
Rashtriya Janutthan Party,,,1157,0,0,
Rashtriya Secular Majlis Party,,,1136,0,0,
New Generation People’s Par,,,1133,0,0,
Janahitha Paksha,,,1130,0,0,
Sanyogwadi Party,,,1128,0,0,
Jan Sewak Kranti Party,,,1120,0,0,
Indian Movement Party,,,1117,0,0,
Rastriya Atal Janta Party,,,1116,0,0,
Aadim Samaj Party,,,1100,0,0,
Rashtriya Janhit Sangharsh Party,,,1090,0,0,
Dr. Bhimrao Ambedkar Dal,,,1078,0,0,
Manav Kranti Party,,,1076,0,0,
Vidiyalai Thedum Indhiyargal Party,,,1073,0,0,
Proutist Sarva Samaj,,,1069,0,0,
Lokrajya Janata Party,,,1061,0,0,
Akhil Bharatiya Manavata Paksha,,,1057,0,0,
Vikas India Party,,,1054,0,0,
Shiromani Lok Dal Party,,,1044,0,0,
Punnagai Desam Party,,,1040,0,0,
Netaji Subhash Chander Bose Rashtriya Azad Party,,,1019,0,0,
Rashtriya Sant Sandesh Party,,,994,0,0,
Sehajdhari Sikh Party,,,987,0,0,
Rashtriya Jansena Party,,,983,0,0,
India Manus Party,,,982,0,0,
Karnataka Praja Party (RaithaParva),,,978,0,0,
Mission All India Independent Justice Party,,,960,0,0,
Janta Darbar Party,,,956,0,0,
Buland Bharat Party,,,955,0,0,
Pichhara Samaj Party United,,,952,0,0,
Welfare Party Of India,,,951,0,0,
All India Uzhavargal Uzhaippalargal Katchi,,,950,0,0,
Bharatiya Jan Morcha Party,,,945,0,0,
Aman Samaj Party,,,945,0,0,
Bhartiya Rashtriya Jansatta,,,941,0,0,
Bahujan Kranti Party (Marxwad- Ambedkarwad),,,940,0,0,
Janta Raj Vikas Party,,,939,0,0,
Anaithu India Makkal Katchi,,,937,0,0,
Janta Kranti Party,,,936,0,0,
Samaj Bhalai Morcha,,,930,0,0,
Akhil Bhartiya Kisan Majdoor Party,,,924,0,0,
Swaraj Kranti Party,,,909,0,0,
Democratic Socialist Party of India,,,885,0,0,
Bharatiya Jan Jagriti Party,,,879,0,0,
Aadarsh Sangram Party,,,865,0,0,
Uttar Pradesh Republican Party,,,854,0,0,
Digvijaya Bharatha Party,,,850,0,0,
Republican Party of India Bharatha,,,848,0,0,
Indian National Yuva Jana Party,,,847,0,0,
Jan Shakti Ekta Party,,,847,0,0,
Satya Bahumat Party,,,842,0,0,
Bhartiya Sabka Dal,,,841,0,0,
Akhil Bharatiya Muslim League (Secular),,,821,0,0,
New Labour Party,,,819,0,0,
Akhil Bhartiya Aamjan Party,,,818,0,0,
Kunbi Bahujan Sawrajya Party,,,817,0,0,
Pachchasi Parivartan Samaj Party,,,802,0,0,
Jana Shankhaaraavam Party,,,797,0,0,
Rashtriy Bahujan Party,,,795,0,0,
Rashtriya Mazdoor Ekta Party,,,791,0,0,
Telugu Congress Party,,,790,0,0,
Chhatrapati Shivaji Bhartiya Garib Party,,,790,0,0,
Lokpriya Rashtrawadi Party,,,782,0,0,
Anjaan Aadmi Party,,,781,0,0,
Akhand Bharat Swatantra Party,,,780,0,0,
Mission Naya Digant Party,,,772,0,0,
Rani Chennamma Party,,,771,0,0,
Bhrashtachar Mukti Morcha,,,766,0,0,
Rashtriya Jan Karmath Party,,,764,0,0,
Tamilaga Makkal Nala Katchi,,,761,0,0,
Bhartiya Mahasangh Party,,,758,0,0,
Aadi Bharat Party,,,742,0,0,
Jamat-E-Seratul Mustakim,,,741,0,0,
Makkal Nala Kazhagam,,,736,0,0,
Bharatiya Lokvikas Party,,,723,0,0,
All India People Development Party,,,711,0,0,
Jai Hindustan Party,,,711,0,0,
BhartiyaBahujanKranti Dal,,,709,0,0,
Aam Lok Party United,,,695,0,0,
Ambedkar National Congress,,,688,0,0,
Rashtriya Congress(J) Party,,,685,0,0,
Bharat Peoples Sena,,,683,0,0,
Satyawadi Rakshak Party,,,657,0,0,
National Republic Party Of India,,,657,0,0,
Sacho Sach Party,,,652,0,0,
Youth India Peace Party,,,649,0,0,
Adarsh Samaj Party,,,643,0,0,
Rashtravadi Loktantrik Party (India),,,641,0,0,
Praja Prasthanam Party,,,633,0,0,
All India Jananayaka Makkal Kazhagam,,,633,0,0,
Manav Samadhan Party,,,622,0,0,
Rashtriya Rashtrawadi Party,,,614,0,0,
Bharatiya Inqalab Party,,,610,0,0,
Mera Bharat Mahan Party,,,604,0,0,
Kisan Vishwa Party,,,603,0,0,
Voters Independent Party,,,601,0,0,
Aawami Pichhada Party,,,594,0,0,
Bahujan National Party (Ambedkar),,,586,0,0,
Guruchand Sena Dal,,,583,0,0,
All India Kisan Janatha party,,,578,0,0,
Kranti Janshakti Party,,,575,0,0,
Rashtriya Suraksha Party,,,574,0,0,
Dalit Kranti Dal,,,547,0,0,
Navsarjan Bharat Party,,,545,0,0,
Akhil Bhartiya Aarakshit Samaj Party,,,544,0,0,
Aap Sabki Apni Party,,,528,0,0,
Raita Bharat Party,,,518,0,0,
All India Mahila Empowerment Party,,,515,0,0,
Corruption Abolition Party,,,501,0,0,
Bhartiya Panchyat Party,,,494,0,0,
Secular Democratic Congress,,,490,0,0,
Kannada Paksha,,,477,0,0,
Hamara Sahi Vikalp Party,,,476,0,0,
Bhartiya Veer Dal,,,470,0,0,
Bengaluru Nava Nirmana Party,,,461,0,0,
Radical Party of India (Ambedkarist),,,454,0,0,
Desh Prem Party,,,454,0,0,
Sarvlokhit Samaj Party,,,446,0,0,
Dhoom Sena,,,434,0,0,
Neethi Nijayithi Party,,,430,0,0,
Maa Telangana Party,,,423,0,0,
Samajik Sangharsh Party,,,419,0,0,
Navodayam Party,,,414,0,0,
All India National Raksha Sena,,,396,0,0,
Bharatiya Mulnivasi Aazad Party,,,396,0,0,
Bhartiya Jan Vikas Aaghadi,,,391,0,0,
Bahujan Shoshit Samaj Sangharsh Samta Party,,,373,0,0,
Andhra Pradesh Rashtra Samithi,,,358,0,0,
Akhil Bhartiya Sudhar Party,,,321,0,0,
Loktantrik Janta Dal,,,316,0,0,
Tamil Nadu Makkal Nalvazhvu Periyakkam,,,314,0,0,
Karnataka Karmikara Paksha,,,314,0,0,
Bharatrashtra Democratic Party,,,310,0,0,
All India Jaihind Party,,,269,0,0,
Bharat Lok Sewak Party,,,262,0,0,
Republican Party of India (Sivaraj),,,259,0,0,
Rashtriya Mangalam Party,,,257,0,0,
Rashtriya Jatigat Aarakshan Virodhi Party,,,215,0,0,
All India Backward People Sunami Party,,,210,0,0,
Telangana Prajaa Jeevana Rythu Party,,,141,0,0,
Indian Praja Congress,,,141,0,0,
Independents,,,17850062,2.77,7,
,,,,6371839,0.99,
Total,,,,645362531,100,543
,,,,,,
Valid votes,,,,645362531,99.84,
Invalid/blank votes,,,,1058338,0.16,
Total votes,,,,646420869,100,
Registered voters/turnout,,,,977965560,66.1,
Source: EC,,,,,,
,,,,,,
,,,,,,
2009,,,,,,
,,,,,,
Party,,Votes,%,Seats,,
Indian National Congress,119111019,28.55,206,,,
Bharatiya Janata Party,78435381,18.8,116,,,
Bahujan Samaj Party,25728920,6.17,21,,,
Communist Party of India (Marxist),22219111,5.33,16,,,
Samajwadi Party,14284638,3.42,23,,,
All India Trinamool Congress,13356510,3.2,19,,,
Telugu Desam Party,10481659,2.51,6,,,
Nationalist Congress Party,8521502,2.04,9,,,
Dravida Munnetra Kazhagam,7625397,1.83,18,,,
All India Anna Dravida Munnetra Kazhagam,6953591,1.67,9,,,
Biju Janata Dal,6612552,1.59,14,,,
Praja Rajyam Party,6590046,1.58,0,,,
Shiv Sena,6454950,1.55,11,,,
Janata Dal (United),6331201,1.52,20,,,
Communist Party of India,5951888,1.43,4,,,
Rashtriya Janata Dal,5280084,1.27,4,,,
Shiromani Akali Dal,4004789,0.96,4,,,
Janata Dal (Secular),3434082,0.82,3,,,
Desiya Murpokku Dravida Kazhagam,3126117,0.75,0,,,
Telangana Rashtra Samithi,2582326,0.62,2,,,
Assam United Democratic Front,2184553,0.52,1,,,
Pattali Makkal Katchi,1944619,0.47,0,,,
Lok Jan Shakti Party,1891963,0.45,0,,,
Rashtriya Lok Dal,1821054,0.44,5,,,
Asom Gana Parishad,1773103,0.43,1,,,
Jharkhand Mukti Morcha,1665173,0.4,2,,,
Revolutionary Socialist Party,1573650,0.38,2,,,
Maharashtra Navnirman Sena,1503863,0.36,0,,,
All India Forward Bloc,1345803,0.32,2,,,
Indian National Lok Dal,1286573,0.31,0,,,
Marumalarchi Dravida Munnetra Kazhagam,1112908,0.27,1,,,
Communist Party of India (Marxist–Leninist) Liberati,1044510,0.25,0,,,
Jharkhand Vikas Morcha (Prajatantrik),963274,0.23,1,,,
Muslim League Kerala State Committee,877494,0.21,2,,,
Nagaland Peoples Front,832224,0.2,1,,,
Haryana Janhit Congress (BL),816395,0.2,1,,,
Viduthalai Chiruthaigal Katchi,735847,0.18,1,,,
Bodoland People's Front,656430,0.16,1,,,
Kongunadu Munnetra Kazhagam,579703,0.14,0,,,
Lok Satta Party,557376,0.13,0,,,
Peace Party,537638,0.13,0,,,
Jammu and Kashmir Peoples Democratic Party,522760,0.13,0,,,
Jammu & Kashmir National Conference,498374,0.12,3,,,
Apna Dal,495032,0.12,0,,,
Bharipa Bahujan Mahasangh,492470,0.12,0,,,
Swabhimani Paksha,481025,0.12,1,,,
Kerala Congress (M),404962,0.1,1,,,
Republican Party of India (Athawale),379746,0.09,0,,,
Kerala Congress,333688,0.08,0,,,
Suheldev Bhartiya Samaj Party,319307,0.08,0,,,
All India Majlis-e-Ittehadul Muslimeen,308061,0.07,1,,,
Republican Party of India,294650,0.07,0,,,
Pyramid Party of India,287576,0.07,0,,,
Loktantrik Samata Dal,270040,0.06,0,,,
Mahagujarat Janta Party,245174,0.06,0,,,
People's Democratic Alliance,224719,0.05,0,,,
Bahujan Vikas Aaghadi,223234,0.05,1,,,
Gondwana Ganatantra Party,220741,0.05,0,,,
Rashtriya Samaj Paksha,215042,0.05,0,,,
All Jharkhand Students Union,200523,0.05,0,,,
Swatantra Bharat Paksh,188608,0.05,0,,,
Indian Justice Party,177759,0.04,0,,,
Sikkim Democratic Front,159351,0.04,1,,,
Rashtriya Samanta Dal,153455,0.04,0,,,
Rashtriya Swabhimaan Party,152633,0.04,0,,,
Rashtrawadi Sena,144735,0.03,0,,,
Rashtriya Dehat Morcha Party,139404,0.03,0,,,
Samruddha Odisha,131379,0.03,0,,,
Janvadi Party (Socialist),129595,0.03,0,,,
Jharkhand Party,125900,0.03,0,,,
United Democratic Party,124402,0.03,0,,,
Autonomous State Demand Committee,123287,0.03,0,,,
Puthiya Tamilagam,120797,0.03,0,,,
Lok Bhalai Party,118470,0.03,0,,,
Jharkhand Party (Naren),104600,0.03,0,,,
Jharkhand Disom Party,102698,0.02,0,,,
Manipur Peoples Party,101787,0.02,0,,,
Hill State People's Democratic Party,97613,0.02,0,,,
Marxist Co-ordination Committee,91489,0.02,0,,,
Jammu and Kashmir National Panthers Party,87502,0.02,0,,,
Gondwana Mukti Sena,85355,0.02,0,,,
Prabuddha Republican Party,76518,0.02,0,,,
National Lokhind Party,72620,0.02,0,,,
Rashtriya Krantikari Samajwadi Party,71857,0.02,0,,,
Kranti Kari Jai Hind Sena,70715,0.02,0,,,
Manithaneya Makkal Katchi,68346,0.02,0,,,
Jammu and Kashmir People's Conference,65403,0.02,0,,,
Mahan Dal,65398,0.02,0,,,
Krantisena Maharashtra,65151,0.02,0,,,
Jago Party,64482,0.02,0,,,
Ambedkar National Congress,60896,0.01,0,,,
Sarvodaya Karnataka Paksha,60333,0.01,0,,,
Jharkhand Jan Morcha,58025,0.01,0,,,
Pragatisheel Manav Samaj Party,57649,0.01,0,,,
Rashtriya Kranti Party,55805,0.01,0,,,
Loksangram,53637,0.01,0,,,
Kalinga Sena,53033,0.01,0,,,
Trilinga Praja Pragati Party,48136,0.01,0,,,
Bira Oriya Party,47720,0.01,0,,,
Hindu Mahasabha,47456,0.01,0,,,
Arunachal Congress,46539,0.01,0,,,
Jharkhand Vikas Dal,45246,0.01,0,,,
Amra Bangali,45102,0.01,0,,,
Rashtra Sewa Dal,43184,0.01,0,,,
Shiromani Akali Dal (Simranjit Singh Mann),43137,0.01,0,,,
Kosal Kranti Dal,42744,0.01,0,,,
Ambedkar Samaj Party,42586,0.01,0,,,
Bahujan Republican Ekta Manch,42386,0.01,0,,,
Loktantrik Samajwadi Party,40803,0.01,0,,,
A-Chik National Congress (Democratic),40204,0.01,0,,,
Bharatiya Bahujan Party,39797,0.01,0,,,
Mana Party,39257,0.01,0,,,
Uttarakhand Kranti Dal,38633,0.01,0,,,
Navbharat Nirman Party,37219,0.01,0,,,
Rajasthan Vikas Party,36584,0.01,0,,,
Rashtravadi Janata Party,34670,0.01,0,,,
Bharatiya Jantantrik Janta Dal,34528,0.01,0,,,
Bahujan Sangharsh Party (Kanshiram),33010,0.01,0,,,
Jharkhand Janadikhar Manch,32219,0.01,0,,,
Eklavya Samaj Party,31983,0.01,0,,,
Samta Party,31324,0.01,0,,,
Democratic Secular Party,30532,0.01,0,,,
Peoples Guardian,30340,0.01,0,,,
Samajwadi Janata Party (Rashtriya),30091,0.01,0,,,
Lokpriya Samaj Party,29459,0.01,0,,,
Rashtriya Pragati Party,29151,0.01,0,,,
Nelopa (United),27388,0.01,0,,,
Shoshit Samaj Dal,26807,0.01,0,,,
Akhil Bartiya Manav Seva Dal,26268,0.01,0,,,
Bharatiya Republican Paksha,25940,0.01,0,,,
Rashtravadi Communist Party,25842,0.01,0,,,
Lokdal,24588,0.01,0,,,
Jan Surajya Shakti,23925,0.01,0,,,
Samajwadi Jan Parishad,23539,0.01,0,,,
Akhil Bharatiya Congress Dal (Ambedkar),22861,0.01,0,,,
Rashtravadi Aarthik Swatantrata Dal,22453,0.01,0,,,
Akhila India Jananayaka Makkal Katchi (Dr. Issac),21609,0.01,0,,,
Akila India Vallalar Peravai,20982,0.01,0,,,
People's Democratic Forum,20699,0,0,,,
Bharatiya Jana Sangh,20599,0,0,,,
Moulik Adhikar Party,20534,0,0,,,
Bahujan Shakty,18844,0,0,,,
Peace Party of India,18726,0,0,,,
Chhattisgarh Vikas Party,18394,0,0,,,
Great India Party,18161,0,0,,,
Vanchit Jamat Party,17868,0,0,,,
Prajatantrik Samadhan Party,17570,0,0,,,
United Goans Democratic Party,16727,0,0,,,
Makkal Manadu Katchi,16699,0,0,,,
Bharatiya Sadbhawna Samaj Party,15948,0,0,,,
Marxist Communist Party of India (S.S. Srivastava),15922,0,0,,,
Rashtriya Krantikari Janata Party,15847,0,0,,,
Bharatiya Sarvodaya Kranti Party,15734,0,0,,,
Bharatheeya Sadharma Samsthapana Party,15718,0,0,,,
Bahujan Uday Manch,15272,0,0,,,
Puthiya Needhi Katchi,15074,0,0,,,
Bharat Punarnirman Dal,14974,0,0,,,
Smast Bhartiya Party,14435,0,0,,,
Akhil Bharatiya Ashok Sena,13828,0,0,,,
Bharatiya Momin Front,13737,0,0,,,
Bhartiya Jagran Party,13506,0,0,,,
Jana Hitkari Party,13313,0,0,,,
Rashtriya Jan-Jagram Morcha,13194,0,0,,,
Ulzaipali Makkal Katchy,13193,0,0,,,
Republican Party of India Ektawadi,12767,0,0,,,
Rashtriya Janwadi Party (Krantikari),12732,0,0,,,
Jawan Kisan Morcha,12716,0,0,,,
United Women Front,12338,0,0,,,
Chhattisgarhi Samaj Party,11972,0,0,,,
Loktanrik Sarkar Party,11893,0,0,,,
Republican Paksha (Khoripa),11724,0,0,,,
Peoples Republican Party,11341,0,0,,,
Bharatiya Samta Samaj Party,11151,0,0,,,
Bajjikanchal Vikas Party,11097,0,0,,,
Bahujan Samaj Party(Ambedkar-Phule),10698,0,0,,,
Kosi Vikas Party,10447,0,0,,,
All India Minorities Front,10211,0,0,,,
Aadivasi Sena Party,9936,0,0,,,
Jammu and Kashmir Awami National Conference,9900,0,0,,,
Bharatiya Minorities Suraksha Mahasangh,9871,0,0,,,
Socialist Party (Lohia),9712,0,0,,,
Bharatiya Praja Paksha,9457,0,0,,,
Lok Bharati,9407,0,0,,,
Lok Vikas Party,9198,0,0,,,
Rajyadhikara Party,9005,0,0,,,
All India Dalit Welfare Congress,8961,0,0,,,
Meghalaya Democratic Party,8946,0,0,,,
Manav Mukti Morcha,8839,0,0,,,
"Backward Classes Democratic Party, J&k",8129,0,0,,,
Bharatiya Eklavya Party,8105,0,0,,,
Akhil Bhartiya Rajarya Sabha,8065,0,0,,,
Rashtriya Raksha Dal,7915,0,0,,,
Jan Morcha,7826,0,0,,,
Democratic Bharatiya Samaj Party,7817,0,0,,,
Revolutionary Communist Party of India (Rakik Bhatt),7788,0,0,,,
Bharatiya Gaon Taj Dal,7764,0,0,,,
Bundelkhand Akikrit Party,7593,0,0,,,
Ajeya Bharat Party,7567,0,0,,,
Indian Union Muslim League (IUML),7553,0,0,,,
Purvanchal Rajya Banao Dal,7497,0,0,,,
Ambedkar Pragatisheel Republican Dal,7482,0,0,,,
The Humanist Party of India,7296,0,0,,,
Rashtriya Machhua Samaj Party,7290,0,0,,,
Bharatiya National Janta Dal,7194,0,0,,,
Hindustan Janata Party,7054,0,0,,,
B.C. United Front,6910,0,0,,,
Bharatiya Jantantrik Parishad,6872,0,0,,,
Ambedkarist Republican Party,6672,0,0,,,
Maharashtrawadi Gomantak Party,6638,0,0,,,
Proutist Sarva Samaj Party,6316,0,0,,,
Bharatiya Subhash Sena,6250,0,0,,,
Akhil Bharatiya Desh Bhakt Morcha,6220,0,0,,,
Party For Democratic Socialism,6141,0,0,,,
People's Party of Arunachal,5996,0,0,,,
Rashtriya Janhit Party,5841,0,0,,,
Vikas Party,5840,0,0,,,
Professionals Party of India,5819,0,0,,,
Republican Party of India (Democratic),5809,0,0,,,
Duggar Pradesh Party,5660,0,0,,,
Bharat Vikas Morcha,5645,0,0,,,
Republican Party of India (Khobragade),5566,0,0,,,
Bharatiya Samaj Dal,5565,0,0,,,
Samajtantric Party of India,5537,0,0,,,
Rashtrawadi Labour Party,5460,0,0,,,
National Loktantrik Party,5371,0,0,,,
Bharatiya Peoples Party,5226,0,0,,,
Bhartiya Lok Kalyan Dal,5197,0,0,,,
Sunder Samaj Party,5120,0,0,,,
Lal Morcha,5087,0,0,,,
Bharatiya Sampuran Krantikari Party,5068,0,0,,,
Jai Bharat Samanta Party,4967,0,0,,,
Samajik Jantantrik Party,4816,0,0,,,
Praja Bharath Party,4810,0,0,,,
Bharathiya Sahayog Congress,4758,0,0,,,
Sikkim Himali Rajya Parishad,4639,0,0,,,
Uttar Pradesh Republican Party,4604,0,0,,,
Rashtriya Mazdoor Ekta Party,4588,0,0,,,
Muslim Majlis Uttar Pradesh,4444,0,0,,,
Inqalab Vikas Dal,4439,0,0,,,
Awami Party,4386,0,0,,,
Bharatiya Jan Berojgar Chhatra Dal,4307,0,0,,,
Bharat Uday Mission,4210,0,0,,,
Rashtriya Agraniye Dal,4072,0,0,,,
Krantikari Samyavadi Party,4035,0,0,,,
Rashtriya Praja Congress (Secular),3980,0,0,,,
Republican Presidium Party of India,3894,0,0,,,
Lok Jan Vikas Morcha,3658,0,0,,,
Peoples Democratic Front,3502,0,0,,,
Bharatiya Loktantrik Party (Gandhi-Lohiawadi),3359,0,0,,,
Bharatiya Pichhra Dal,3292,0,0,,,
Rashtriya Naujawan Dal,3155,0,0,,,
Rashtra Bhakt Dal,3138,0,0,,,
Yuva Vikas Party,3129,0,0,,,
Jan Chetna Party,2987,0,0,,,
Sikkim Jan-Ekta Party,2849,0,0,,,
Bharatiya Samaj Kalyan Party Bharat,2822,0,0,,,
Bhartiya Pragatisheel Congress,2798,0,0,,,
National Development Party,2787,0,0,,,
Jan Ekta Dal,2787,0,0,,,
All India Momin Conference,2765,0,0,,,
All India Forward Bloc (Subhasist),2758,0,0,,,
Rashtriya Sahara Party,2754,0,0,,,
Indian People's Forward Block,2686,0,0,,,
Alpjan Samaj Party,2678,0,0,,,
Ambedkarbadi Party,2664,0,0,,,
United National Loktantrik Party,2658,0,0,,,
Akhil Bharatiya Hind Kranti Party,2633,0,0,,,
Orissa Mukti Morcha,2591,0,0,,,
Youth and Students Party,2582,0,0,,,
Laghujan Samaj Vikas Party,2507,0,0,,,
Jharkhand People's Party,2498,0,0,,,
Democratic Congress Party,2497,0,0,,,
Savarn Samaj Party,2486,0,0,,,
Jansatta Party,2468,0,0,,,
Jai Chhattisgarh Party,2397,0,0,,,
Rastriya Samajwadi Party (Secular),2305,0,0,,,
Moderate Party,2285,0,0,,,
Sikkim Gorkha Prajatantric Party,2284,0,0,,,
National Youth Party,2275,0,0,,,
Sardar Vallabhbhai Patel Party,2275,0,0,,,
Kannada Chalevali Vatal Paksha,2269,0,0,,,
Rashtriya Bahujan Congress Party,2244,0,0,,,
Bhartiya Deshbhakt Party,2217,0,0,,,
Rashtriya Jan Sahay Dal,2202,0,0,,,
Desia Pathukappu Kazhagam,2154,0,0,,,
Youth For Equality,2099,0,0,,,
Rajya Nojawan Shakti Party,2041,0,0,,,
Rashtriya Lokwadi Party,2021,0,0,,,
Rashtriya Janutthan Party,2005,0,0,,,
Rashtriya Lokhit Party,1866,0,0,,,
Indian Christian Secular Party,1853,0,0,,,
Mahila Adhikar Party,1816,0,0,,,
Rashtriya Gondvana Party,1802,0,0,,,
Rashtriya Mangalam Party,1780,0,0,,,
Indian Bahujan Samajwadi Party,1780,0,0,,,
Buddhiviveki Vikas Party,1774,0,0,,,
Advait Ishwasyam Congress,1718,0,0,,,
United Communist Party of India,1713,0,0,,,
Shivrajya Party,1704,0,0,,,
Karnataka Thamizhar Munnetra Kazhagam,1686,0,0,,,
Akhil Bhartiya Manavata Paksha,1619,0,0,,,
National Democratic Peoples Front,1557,0,0,,,
Bharatiya Backward Party,1552,0,0,,,
Rashtriya Surya Prakash Party,1532,0,0,,,
Jharkhand Party,1514,0,0,,,
Bharatiya Nagrik Party,1464,0,0,,,
Bahujan Vikas Party,1435,0,0,,,
Bharatiya Rashtravadi Paksha,1407,0,0,,,
Rashtriya Janadhikar Party,1394,0,0,,,
Majdoor Kisan Union Party,1341,0,0,,,
Kamarajar Deseeya Congress,1341,0,0,,,
Christian Democratic Front,1300,0,0,,,
Bharatiya Jan Shakti,1296,0,0,,,
Rayalaseema Rashtra Samithi,1284,0,0,,,
Bharatiya Jai Bheem Party,1253,0,0,,,
Bhartiya Chaitanya Party,1246,0,0,,,
Bharatiya Jan Kranti Dal (Democratic),1245,0,0,,,
Punjab Labour Party,1243,0,0,,,
Swarajya Party of India,1230,0,0,,,
All India Bahujan Samman Party,1217,0,0,,,
Bundelkhand Mukti Morcha,1211,0,0,,,
Akhil Bharatiya Mahasand Sarvahara Krantikari Party,1197,0,0,,,
Anaithindia Dravidar Samudaya Munnetra Kazhagam,1189,0,0,,,
Save Goa Front,1117,0,0,,,
Namadhu Makkal Katchi,1114,0,0,,,
Akhil Bharatiya Shivsena Rashtrawadi,1108,0,0,,,
Maidani Kranti Dal,1106,0,0,,,
Jai Jawan Jai Kisan Mazdoor Congress,1100,0,0,,,
All India Bharti Jug Party,1085,0,0,,,
Bhartiya Congress (M),1069,0,0,,,
Matra Bhakta Party,1006,0,0,,,
Pachai Kudi Makkal Katchi,981,0,0,,,
Akhil Rashtrawadi Party,969,0,0,,,
Vishva Hindustani Sangathan,935,0,0,,,
Mool Bharati (S) Party,910,0,0,,,
National Secular Party,902,0,0,,,
Bharatiya Rashtriya Morcha,867,0,0,,,
Vishwa Vikas Sangh,837,0,0,,,
Jai Bharat Party,836,0,0,,,
Bharat Ki Lok Jimmedar Party,790,0,0,,,
Akhil Bhartiya Sindhu Samajwadi Party,786,0,0,,,
Bharat Dal,700,0,0,,,
Federal Congress of India,684,0,0,,,
All India Raksha Party,678,0,0,,,
Adarshwadi Dal,614,0,0,,,
Janata Uday Party,595,0,0,,,
Shakti Sena (Bharat Desh),589,0,0,,,
Rashtriya Vikas Party,584,0,0,,,
Akhil Bhartiya Loktantra Party,578,0,0,,,
Peoples Party of India(secular),578,0,0,,,
Niswarth Sewa Party,573,0,0,,,
Jebamani Janata,573,0,0,,,
Hind Vikas Party,532,0,0,,,
Desh Bhakt Party,531,0,0,,,
Bharatiya Sarvkalyan Krantidal,496,0,0,,,
Democratic Party of India,494,0,0,,,
Rajasthan Dev Sena Dal,484,0,0,,,
Rashtriya Yuva Sangh,482,0,0,,,
Rashtrawadi Samaj Party,450,0,0,,,
Loktanrik Janata Party (Secular),351,0,0,,,
Bharatiya Grameen Dal,346,0,0,,,
Akhil Bhartiya Kisan Mazdoor Morcha,305,0,0,,,
Jaganmay Nari Sangathan,226,0,0,,,
Independents,21647686,5.19,9,,,
Nominated Anglo-Indian,,,,2,,
Total,,417159281,100,545,,
,,,,,,
Valid votes,,417159281,99.95,,,
Invalid/blank votes,,198705,0.05,,,
Total votes,,417357986,100,,,
Registered voters/turnout,,716985101,58.21,,,
