Year,State_UT,Party_Alliance,Votes_Received,Vote_Share_Percentage,Seats_Won
2004,Andhra Pradesh,UPA,,,35
2004,Andhra Pradesh,NDA,,,5
2004,Andhra Pradesh,Left Front,,,2
2004,Andhra Pradesh,Others,,,0
2004,Arunachal Pradesh,UPA,,,0
2004,Arunachal Pradesh,NDA,,,2
2004,Arunachal Pradesh,Left Front,,,0
2004,Arunachal Pradesh,Others,,,0
2004,Assam,UPA,,,11
2004,Assam,NDA,,,3
2004,Assam,Left Front,,,0
2004,Assam,Others,,,2
2004,Bihar,UPA,,,29
2004,Bihar,NDA,,,11
2004,Bihar,Left Front,,,0
2004,Bihar,Others,,,0
2004,Chhattisgarh,UPA,,,1
2004,Chhattisgarh,NDA,,,10
2004,Chhattisgarh,Left Front,,,0
2004,Chhattisgarh,Others,,,0
2004,Dadra and Nagar Haveli,UPA,,,0
2004,Dadra and Nagar Haveli,NDA,,,0
2004,Dadra and Nagar Haveli,Left Front,,,0
2004,Dadra and Nagar Haveli,Others,,,1
2004,Daman and Diu,UPA,,,1
2004,Daman and Diu,NDA,,,0
2004,Daman and Diu,Left Front,,,0
2004,Daman and Diu,Others,,,0
2004,Delhi,UPA,,,6
2004,Delhi,NDA,,,1
2004,Delhi,Left Front,,,0
2004,Delhi,Others,,,0
2004,Goa,UPA,,,1
2004,Goa,NDA,,,1
2004,Goa,Left Front,,,0
2004,Goa,Others,,,0
2004,Gujarat,UPA,,,12
2004,Gujarat,NDA,,,14
2004,Gujarat,Left Front,,,0
2004,Gujarat,Others,,,0
2004,Haryana,UPA,,,9
2004,Haryana,NDA,,,1
2004,Haryana,Left Front,,,0
2004,Haryana,Others,,,0
2004,Himachal Pradesh,UPA,,,3
2004,Himachal Pradesh,NDA,,,1
2004,Himachal Pradesh,Left Front,,,0
2004,Himachal Pradesh,Others,,,0
2004,Jammu and Kashmir,UPA,,,3
2004,Jammu and Kashmir,NDA,,,0
2004,Jammu and Kashmir,Left Front,,,0
2004,Jammu and Kashmir,Others,,,3
2004,Jharkhand,UPA,,,12
2004,Jharkhand,NDA,,,1
2004,Jharkhand,Left Front,,,1
2004,Jharkhand,Others,,,0
2004,Karnataka,UPA,,,8
2004,Karnataka,NDA,,,18
2004,Karnataka,Left Front,,,2
2004,Karnataka,Others,,,0
2004,Kerala,UPA,,,2
2004,Kerala,NDA,,,0
2004,Kerala,Left Front,,,18
2004,Kerala,Others,,,0
2004,Madhya Pradesh,UPA,,,4
2004,Madhya Pradesh,NDA,,,25
2004,Madhya Pradesh,Left Front,,,0
2004,Madhya Pradesh,Others,,,0
2004,Maharashtra,UPA,,,23
2004,Maharashtra,NDA,,,25
2004,Maharashtra,Left Front,,,0
2004,Maharashtra,Others,,,0
2004,Manipur,UPA,,,1
2004,Manipur,NDA,,,0
2004,Manipur,Left Front,,,0
2004,Manipur,Others,,,1
2004,Meghalaya,UPA,,,1
2004,Meghalaya,NDA,,,1
2004,Meghalaya,Left Front,,,0
2004,Meghalaya,Others,,,0
2004,Mizoram,UPA,,,0
2004,Mizoram,NDA,,,1
2004,Mizoram,Left Front,,,0
2004,Mizoram,Others,,,0
2004,Nagaland,UPA,,,0
2004,Nagaland,NDA,,,1
2004,Nagaland,Left Front,,,0
2004,Nagaland,Others,,,0
2004,Odisha,UPA,,,3
2004,Odisha,NDA,,,18
2004,Odisha,Left Front,,,0
2004,Odisha,Others,,,0
2004,Puducherry,UPA,,,1
2004,Puducherry,NDA,,,0
2004,Puducherry,Left Front,,,0
2004,Puducherry,Others,,,0
2004,Punjab,UPA,,,2
2004,Punjab,NDA,,,11
2004,Punjab,Left Front,,,0
2004,Punjab,Others,,,0
2004,Rajasthan,UPA,,,4
2004,Rajasthan,NDA,,,21
2004,Rajasthan,Left Front,,,0
2004,Rajasthan,Others,,,0
2004,Sikkim,UPA,,,0
2004,Sikkim,NDA,,,1
2004,Sikkim,Left Front,,,0
2004,Sikkim,Others,,,0
2004,Tamil Nadu,UPA,,,39
2004,Tamil Nadu,NDA,,,0
2004,Tamil Nadu,Left Front,,,0
2004,Tamil Nadu,Others,,,0
2004,Tripura,UPA,,,0
2004,Tripura,NDA,,,0
2004,Tripura,Left Front,,,2
2004,Tripura,Others,,,0
2004,Uttar Pradesh,UPA,,,9
2004,Uttar Pradesh,NDA,,,11
2004,Uttar Pradesh,Left Front,,,0
2004,Uttar Pradesh,Others,,,61
2004,Uttarakhand,UPA,,,1
2004,Uttarakhand,NDA,,,3
2004,Uttarakhand,Left Front,,,0
2004,Uttarakhand,Others,,,1
2004,West Bengal,UPA,,,6
2004,West Bengal,NDA,,,1
2004,West Bengal,Left Front,,,35
2004,West Bengal,Others,,,0
2009,Andaman and Nicobar Islands,BJP,,100.0,1
2009,Andaman and Nicobar Islands,INC,,,0
2009,Andhra Pradesh,INC,,79.0,33
2009,Andhra Pradesh,AIMIM,,2.0,1
2009,Andhra Pradesh,TDP,,14.0,6
2009,Andhra Pradesh,TRS,,5.0,2
2009,Arunachal Pradesh,INC,,100.0,2
2009,Arunachal Pradesh,BJP,,,0
2009,Assam,INC,,50.0,7
2009,Assam,BJP,,29.0,4
2009,Assam,AGP,,7.0,1
2009,Assam,AIUDF,,7.0,1
2009,Assam,Bodoland People'S Front,,7.0,1
2009,Bihar,JD(U),,50.0,20
2009,Bihar,BJP,,30.0,12
2009,Bihar,RJD,,10.0,4
2009,Bihar,INC,,5.0,2
2009,Bihar,IND,,5.0,2
2009,Chandigarh,INC,,100.0,1
2009,Chandigarh,BJP,,,0
2009,Chhattisgarh,BJP,,91.0,10
2009,Chhattisgarh,INC,,9.0,1
2009,Dadra and Nagar Haveli,BJP,,100.0,1
2009,Dadra and Nagar Haveli,INC,,,0
2009,Delhi,INC,,100.0,7
2009,Delhi,BJP,,,0
2009,Goa,INC,,50.0,1
2009,Goa,BJP,,50.0,1
2009,Gujarat,BJP,,58.0,15
2009,Gujarat,INC,,42.0,11
2009,Haryana,INC,,90.0,9
2009,Haryana,BJP,,,0
2009,Haryana,Haryana Janhit Congress (Bl),,10.0,1
2009,Himachal Pradesh,BJP,,75.0,3
2009,Himachal Pradesh,INC,,25.0,1
2009,Jammu and Kashmir,JKNC,,50.0,3
2009,Jammu and Kashmir,INC,,33.0,2
2009,Jammu and Kashmir,IND,,33.0,1
2009,Jharkhand,BJP,,57.0,8
2009,Jharkhand,Jharkhand Vikas Morcha (Prajatantrik),,7.0,1
2009,Jharkhand,JMM,,14.0,2
2009,Jharkhand,INC,,7.0,1
2009,Jharkhand,IND,,14.0,2
2009,Karnataka,BJP,,68.0,19
2009,Karnataka,INC,,21.0,6
2009,Karnataka,JD(S),,11.0,3
2009,Kerala,INC,,65.0,13
2009,Kerala,Indian Union Muslim League,,10.0,2
2009,Kerala,Kerala Congress (M),,5.0,1
2009,Kerala,CPI(M),,20.0,4
2009,Kerala,1,,,
2009,Kerala,NCP,,,0
2009,Kerala,JD(U),,,0
2009,Madhya Pradesh,BJP,,,16
2009,Madhya Pradesh,INC,,,12
2009,Madhya Pradesh,BSP,,,1
2009,Maharashtra,INC,,,17
2009,Maharashtra,NCP,,,8
2009,Maharashtra,SS,,,11
2009,Maharashtra,BJP,,,9
2009,Maharashtra,Swabhimani Paksha,,,1
2009,Maharashtra,Bahujan Vikas Aaghadi,,,1
2009,Maharashtra,IND,,,1
2009,Manipur,INC,,,2
2009,Manipur,People'S Democratic Alliance,,,0
2009,Meghalaya,INC,,,1
2009,Meghalaya,NCP,,,1
2009,Mizoram,INC,,,1
2009,Mizoram,Mizo National Front,,,0
2009,Nagaland,Naga People'S Front,,,1
2009,Nagaland,INC,,,0
2009,Odisha,BJD,,,14
2009,Odisha,INC,,,6
2009,Odisha,CPI(M),,,1
2009,Puducherry,INC,,,1
2009,Puducherry,Pattali Makkal Katchi,,,0
2009,Puducherry,AIADMK,,,0
2009,Punjab,INC,,,8
2009,Punjab,SAD,,,4
2009,Punjab,BJP,,,1
2009,Rajasthan,INC,,,20
2009,Rajasthan,BJP,,,4
2009,Rajasthan,IND,,,1
2009,Sikkim,SDF,,,1
2009,Sikkim,INC,,,0
2009,Tamil Nadu,DMK,,,18
2009,Tamil Nadu,AIADMK,,,4
2009,Tamil Nadu,INC,,,1
2009,Tamil Nadu,VCK,,,1
2009,Tamil Nadu,Marumalarchi Dravida Munnetra Kazhagam,,,1
2009,Tamil Nadu,CPI,,,1
2009,Tamil Nadu,CPI(M),,,1
2009,Tripura,CPI(M),,,2
2009,Tripura,INC,,,0
2009,Uttar Pradesh,SP,,,23
2009,Uttar Pradesh,INC,,,21
2009,Uttar Pradesh,BSP,,,20
2009,Uttar Pradesh,BJP,,,10
2009,Uttar Pradesh,RLD,,,1
2009,Uttar Pradesh,IND,,,1
2009,West Bengal,TMC,,,19
2009,West Bengal,CPI(M),,,9
2009,West Bengal,INC,,,6
2009,West Bengal,CPI,,,2
2009,West Bengal,AIFB,,,2
2009,West Bengal,RSP,,,1
2009,West Bengal,BJP,,,1
2009,West Bengal,Socialist Unity Centre Of India (Communist),,,1
2014,Andaman and Nicobar Islands,BJP,,47.8,1
2014,Andaman and Nicobar Islands,INC,,44.8,0
2014,Andhra Pradesh,TDP,,28.1,15
2014,Andhra Pradesh,YSRCP,,28.9,8
2014,Andhra Pradesh,INC,,11.5,0
2014,Andhra Pradesh,BJP,,8.5,2
2014,Arunachal Pradesh,BJP,275344,46.62,1
2014,Arunachal Pradesh,INC,246084,41.66,1
2014,Assam,BJP,5507152,36.5,7
2014,Assam,INC,4467295,29.6,3
2014,Assam,AIUDF,2237612,14.8,3
2014,Assam,AGP,577730,3.8,0
2014,Assam,Independent (Politician),1436900,9.62,1
2014,Assam,Bodoland People'S Front,330106,2.21,0
2014,Bihar,BJP,,29.4,22
2014,Bihar,LJP,,6.4,6
2014,Bihar,RJD,,20.1,4
2014,Bihar,JD(U),,15.8,2
2014,Bihar,Rashtriya Lok Samta Party,,3.0,3
2014,Bihar,NCP,,1.2,1
2014,Bihar,INC,,8.4,2
2014,Bihar,IND,,,0
2014,Chandigarh,BJP,,42.2,1
2014,Chandigarh,INC,,26.8,0
2014,Chandigarh,AAP,,24.0,0
2014,Chhattisgarh,BJP,,48.7,10
2014,Chhattisgarh,INC,,38.4,1
2014,Dadra and Nagar Haveli,BJP,,48.9,1
2014,Dadra and Nagar Haveli,INC,,45.1,0
2014,Daman and Diu,BJP,,53.800000000000004,1
2014,Daman and Diu,INC,,43.3,0
2014,Delhi,BJP,,46.4,7
2014,Delhi,INC,,15.1,0
2014,Delhi,AAP,,34.9,0
2014,Goa,BJP,,53.400000000000006,2
2014,Goa,INC,,36.6,0
2014,Gujarat,BJP,,60.11,26
2014,Gujarat,INC,,33.45,0
2014,Haryana,BJP,,34.699999999999996,7
2014,Haryana,INC,,22.900000000000002,1
2014,Haryana,Indian National Lok Dal,,24.4,2
2014,Himachal Pradesh,BJP,,53.31,4
2014,Himachal Pradesh,INC,,40.699999999999996,0
2014,Jammu and Kashmir,BJP,,34.4,3
2014,Jammu and Kashmir,INC,,22.900000000000002,0
2014,Jammu and Kashmir,Jammu & Kashmir People'S Democratic Party,,20.5,3
2014,Jammu and Kashmir,JKNC,,11.1,0
2014,Jammu and Kashmir,IND,,,0
2014,Jharkhand,BJP,,40.1,12
2014,Jharkhand,INC,,13.3,0
2014,Jharkhand,Jharkhand Vikas Morcha (Prajatantrik),,12.1,0
2014,Jharkhand,JMM,,9.3,2
2014,Jharkhand,IND,,,0
2014,Karnataka,BJP,,43.0,17
2014,Karnataka,INC,,40.8,9
2014,Karnataka,JD(S),,11.0,2
2014,Kerala,UDF,5590285,31.1,8
2014,Kerala,IUML,816226,4.54,2
2014,Kerala,KC(M),424194,2.36,1
2014,Kerala,RSP,408528,2.27,1
2014,Kerala,SJ(D),307597,1.71,0
2014,Kerala,LDF,3880655,21.59,5
2014,Kerala,Ldf Ind.,1662997,9.25,2
2014,Kerala,CPI,1364010,7.59,1
2014,Kerala,JD(S),303595,1.69,0
2014,Kerala,NDA,1856750,10.33,0
2014,Kerala,KC(N),44357,0.25,0
2014,Kerala,RSP(B),43051,0.24,0
2014,Kerala,Others,1273648,7.08,
2014,Lakshadweep,NCP,,50.1,1
2014,Lakshadweep,INC,,46.6,0
2014,Madhya Pradesh,BJP,16015685,54.800000000000004,27
2014,Madhya Pradesh,INC,10340274,35.4,2
2014,Madhya Pradesh,BSP,1124772,3.8,0
2014,Maharashtra,BJP,,27.3,22
2014,Maharashtra,SS,,20.599999999999998,18
2014,Maharashtra,INC,,18.099999999999998,3
2014,Maharashtra,NCP,,16.0,4
2014,Maharashtra,Swabhimani Paksha,,2.3,1
2014,Maharashtra,Bahujan Vikas Aaghadi,,,0
2014,Maharashtra,IND,,,0
2014,Manipur,BJP,,11.899999999999999,0
2014,Manipur,INC,,41.699999999999996,2
2014,Manipur,Naga People'S Front,,19.900000000000002,0
2014,Manipur,CPI,,14.000000000000002,0
2014,Meghalaya,BJP,,8.9,0
2014,Meghalaya,INC,,37.9,1
2014,Meghalaya,National People'S Party,,22.2,1
2014,Meghalaya,NCP,,,0
2014,Mizoram,INC,,48.6,1
2014,Nagaland,Naga People'S Front,,68.7,1
2014,Nagaland,INC,,30.099999999999998,
2014,Odisha,BJD,,44.1,20
2014,Odisha,BJP,,21.5,1
2014,Odisha,INC,,26.0,0
2014,Odisha,CPI,,0.3,0
2014,Puducherry,All India N.R. Congress,,34.599999999999994,1
2014,Puducherry,INC,,26.3,0
2014,Punjab,INC,,33.1,3
2014,Punjab,SAD,,20.3,4
2014,Punjab,BJP,,8.7,2
2014,Punjab,AAP,,30.4,4
2014,Rajasthan,BJP,,54.900000000000006,25
2014,Rajasthan,INC,,30.4,0
2014,Sikkim,SDF,,53.0,1
2014,Sikkim,SKM,,39.5,0
2014,Sikkim,BJP,,2.4,0
2014,Sikkim,INC,,2.3,0
2014,Tamil Nadu,AIADMK,,44.3,37
2014,Tamil Nadu,DMK,,23.599999999999998,0
2014,Tamil Nadu,BJP,,5.5,1
2014,Tamil Nadu,Pattali Makkal Katchi,,4.3999999999999995,1
2014,Telangana,TRS,,33.9,11
2014,Telangana,INC,,20.5,2
2014,Telangana,BJP,,8.5,1
2014,Telangana,TDP,,3.1,1
2014,Telangana,YSRCP,,2.9,1
2014,Telangana,AIMIM,,1.4,1
2014,Tripura,CPI(M),,64.0,2
2014,Tripura,INC,,15.2,0
2014,Tripura,BJP,,5.7,0
2014,Uttar Pradesh,NDA,34318854,42.63,71
2014,Uttar Pradesh,Apna Dal,812315,1.0,2
2014,Uttar Pradesh,SP,17988967,22.35,5
2014,Uttar Pradesh,BSP,15914194,19.77,0
2014,Uttar Pradesh,UPA,6061267,7.53,2
2014,Uttar Pradesh,RLD,689409,86.0,0
2014,Uttarakhand,BJP,,55.300000000000004,5
2014,Uttarakhand,INC,,34.0,0
2014,West Bengal,TMC,,39.800000000000004,34
2014,West Bengal,CPI(M),,23.0,2
2014,West Bengal,BJP,,18.0,2
2014,West Bengal,INC,,9.700000000000001,4
2019,Andaman and Nicobar Islands,INC,,45.98,1
2019,Andaman and Nicobar Islands,BJP,,45.300000000000004,0
2019,Chandigarh,BJP,,50.63999999999999,1
2019,Chandigarh,INC,,40.35,0
2019,Chandigarh,AAP,,3.02,0
2019,Dadra and Nagar Haveli,BJP,,40.92,0
2019,Dadra and Nagar Haveli,IND,,45.440000000000005,1
2019,Daman and Diu,BJP,,42.980000000000004,1
2019,Daman and Diu,INC,,31.619999999999997,0
2019,Delhi,BJP,,56.56,7
2019,Delhi,INC,,22.509999999999998,0
2019,Delhi,AAP,,18.11,0
2019,Lakshadweep,NCP,,48.61,1
2019,Lakshadweep,INC,,46.86,0
2019,Puducherry,INC,,56.269999999999996,1
2019,Puducherry,All India N.R. Congress,,31.36,0
2019,Andhra Pradesh,YSRCP,15537006,49.89,22
2019,Andhra Pradesh,TDP,12515345,40.19,3
2019,Andhra Pradesh,Jana Sena Party,1829346,5.87,0
2019,Andhra Pradesh,INC,406977,1.31,0
2019,Andhra Pradesh,BJP,303985,98.0,0
2019,Arunachal Pradesh,BJP,,58.220000000000006,2
2019,Arunachal Pradesh,INC,,20.69,0
2019,Assam,NDA,6484596,36.41,9
2019,Assam,AGP,1480697,8.309999999999999,0
2019,Assam,BPF,446774,2.5,0
2019,Assam,UPA,6373659,35.79,3
2019,Assam,AIUDF,1402088,7.870000000000001,1
2019,Assam,IND,484560,4.3,1
2019,Bihar,BJP,,21.58,17
2019,Bihar,JD(U),,19.81,16
2019,Bihar,LJP,,7.86,6
2019,Bihar,INC,,7.7,1
2019,Bihar,RJD,,16.36,0
2019,Bihar,Rashtriya Lok Samta Party,,,0
2019,Bihar,NCP,,10.100000000000001,0
2019,Chhattisgarh,BJP,6902477,51.44,9
2019,Chhattisgarh,INC,5569283,41.510000000000005,2
2019,Chhattisgarh,BSP,313261,2.33,0
2019,Goa,BJP,,51.18000000000001,1
2019,Goa,INC,,42.92,1
2019,Gujarat,BJP,,62.21,26
2019,Gujarat,INC,,32.11,0
2019,Haryana,BJP,7357347,58.21,10
2019,Haryana,INC,3604106,28.51,0
2019,Haryana,Jannayak Janata Party,619970,4.9,0
2019,Haryana,BSP,461273,3.65,0
2019,Haryana,Indian National Lok Dal,240258,1.9,0
2019,Himachal Pradesh,BJP,,69.11,4
2019,Himachal Pradesh,INC,,27.3,0
2019,Jammu and Kashmir,BJP,,46.39,3
2019,Jammu and Kashmir,INC,,28.470000000000002,0
2019,Jammu and Kashmir,Jammu & Kashmir People'S Democratic Party,,2.37,0
2019,Jammu and Kashmir,JKNC,,7.89,3
2019,Jharkhand,BJP,,50.96000000000001,11
2019,Jharkhand,All Jharkhand Students Union,,4.33,1
2019,Jharkhand,INC,,15.629999999999999,1
2019,Jharkhand,JMM,,11.51,1
2019,Karnataka,BJP,,51.38,25
2019,Karnataka,IND,,,1
2019,Karnataka,INC,,31.879999999999995,1
2019,Karnataka,JD(S),,9.67,1
2019,Kerala,UDF,7596610,37.46,15
2019,Kerala,IUML,1111697,5.48,2
2019,Kerala,RSP,499677,2.46,1
2019,Kerala,KEC(M),421046,2.08,1
2019,Kerala,LDF,5266510,25.97,1
2019,Kerala,CPI,1233886,6.08,0
2019,Kerala,Ldf Ind.,655991,4.24,0
2019,Kerala,NDA,2635810,13.0,0
2019,Kerala,BDJS,380847,1.8800000000000001,0
2019,Kerala,KC (T),155135,0.76,0
2019,Madhya Pradesh,BJP,,57.99999999999999,28
2019,Madhya Pradesh,INC,,34.5,1
2019,Maharashtra,BJP,14912139,27.839999999999996,23
2019,Maharashtra,SS,12589064,23.5,18
2019,Maharashtra,NCP,8387363,15.659999999999998,4
2019,Maharashtra,INC,8792237,16.41,1
2019,Maharashtra,AIMIM,389042,0.73,1
2019,Maharashtra,Vanchit Bahujan Aaghadi,3743560,6.92,0
2019,Maharashtra,IND,1992817,3.7199999999999998,1
2019,Maharashtra,None of the Above,488766,0.91,
2019,Manipur,BJP,,34.22,1
2019,Manipur,Naga People'S Front,,22.48,1
2019,Manipur,INC,,24.63,0
2019,Meghalaya,BJP,,7.93,0
2019,Meghalaya,INC,,48.28,1
2019,Meghalaya,National People'S Party,,22.27,1
2019,Mizoram,Mizo National Front,,44.89,1
2019,Mizoram,INC,,43.26,0
2019,Nagaland,Nationalist Democratic Progressive Party,,49.730000000000004,1
2019,Nagaland,INC,,48.11,0
2019,Odisha,BJD,,42.76,12
2019,Odisha,BJP,,38.37,8
2019,Odisha,INC,,13.81,1
2019,Punjab,INC,,40.12,8
2019,Punjab,SAD,,27.450000000000003,2
2019,Punjab,BJP,,9.629999999999999,2
2019,Punjab,AAP,,7.380000000000001,1
2019,Rajasthan,BJP,,58.47,24
2019,Rajasthan,Rashtriya Loktantrik Party,,2.03,1
2019,Rajasthan,INC,,34.239999999999995,0
2019,Sikkim,SKM,,47.46,1
2019,Sikkim,SDF,,43.919999999999995,0
2019,Tamil Nadu,DMK,,32.76,24
2019,Tamil Nadu,INC,,12.76,8
2019,Tamil Nadu,CPI,,2.4299999999999997,2
2019,Tamil Nadu,CPI(M),,2.4,2
2019,Tamil Nadu,AIADMK,,18.48,1
2019,Tamil Nadu,Indian Union Muslim League,,1.11,1
2019,Tamil Nadu,VCK,,,1
2019,Tamil Nadu,BJP,,3.66,0
2019,Tamil Nadu,Pattali Makkal Katchi,,5.42,0
2019,Telangana,BRS,7696848,41.71,9
2019,Telangana,INC,5496686,29.79,3
2019,Telangana,BJP,3626173,19.65,4
2019,Telangana,AIMIM,517471,2.8,1
2019,Tripura,BJP,,49.03,2
2019,Tripura,INC,,25.34,0
2019,Tripura,CPI(M),,17.31,0
2019,Uttar Pradesh,NDA,42858171,49.980000000000004,62
2019,Uttar Pradesh,Apna Dal (Sonelal),1039478,1.21,2
2019,Uttar Pradesh,Mahagathbandhan,16659754,19.43,10
2019,Uttar Pradesh,SP,15533620,18.11,5
2019,Uttar Pradesh,RLD,1447363,1.69,0
2019,Uttar Pradesh,UPA,5457352,6.36,1
2019,Uttarakhand,BJP,,61.01,5
2019,Uttarakhand,INC,,31.4,0
2019,West Bengal,AITC,24756985,43.7,22
2019,West Bengal,BJP,23028343,40.6,18
2019,West Bengal,LF,,,
2019,West Bengal,CPI(M),3594283,6.3,0
2019,West Bengal,AIFB,239218,0.4,0
2019,West Bengal,RSP,208275,0.4,0
2019,West Bengal,CPI,227695,0.4,0
2019,West Bengal,INC,3210485,5.7,2
2024,Andaman and Nicobar Islands,BJP,,50.59,1
2024,Andaman and Nicobar Islands,INC,,38.53,0
2024,Andhra Pradesh,TDP,,37.79,16
2024,Andhra Pradesh,YSRCP,,39.61,4
2024,Andhra Pradesh,BJP,,11.28,3
2024,Andhra Pradesh,Jana Sena Party,,4.3,2
2024,Andhra Pradesh,INC,,2.66,0
2024,Arunachal Pradesh,BJP,,48.87,2
2024,Arunachal Pradesh,INC,,30.37,0
2024,Assam,BJP,,37.43,9
2024,Assam,INC,,37.48,3
2024,Assam,AGP,,6.46,1
2024,Assam,United People'S Party Liberal,,2.43,1
2024,Assam,AIUDF,,3.13,0
2024,Bihar,BJP,,20.52,12
2024,Bihar,JD(U),,18.52,12
2024,Bihar,LJP,,6.47,5
2024,Bihar,RJD,,22.14,4
2024,Bihar,INC,,9.2,3
2024,Bihar,CPI(ML)L,,2.99,2
2024,Bihar,Hindustani Awam Morcha,,,1
2024,Bihar,IND,,,1
2024,Chandigarh,INC,,48.23,1
2024,Chandigarh,BJP,,47.66,0
2024,Chhattisgarh,BJP,,52.65,10
2024,Chhattisgarh,INC,,41.06,1
2024,Chhattisgarh,Dadra & Nagar Haveli And Daman And Diu(2),,,
2024,Chhattisgarh,IND,,,1
2024,Delhi,BJP,,54.35,7
2024,Delhi,AAP,,24.17,0
2024,Delhi,INC,,18.91,0
2024,Goa,BJP,,50.79,1
2024,Goa,INC,,39.71,1
2024,Gujarat,BJP,,61.86,25
2024,Gujarat,INC,,31.24,1
2024,Gujarat,AAP,,2.69,0
2024,Haryana,BJP,,46.11,5
2024,Haryana,INC,,47.61,5
2024,Haryana,AAP,,3.94,0
2024,Himachal Pradesh,BJP,,56.44,4
2024,Himachal Pradesh,INC,,41.67,0
2024,Jammu and Kashmir,BJP,,24.36,2
2024,Jammu and Kashmir,JKNC,,22.3,2
2024,Jammu and Kashmir,IND,,,1
2024,Jammu and Kashmir,INC,,19.38,0
2024,Jammu and Kashmir,Jammu & Kashmir People'S Democratic Party,,8.48,0
2024,Jharkhand,BJP,,44.6,8
2024,Jharkhand,JMM,,14.6,3
2024,Jharkhand,INC,,19.19,2
2024,Jharkhand,All Jharkhand Students Union,,2.62,1
2024,Karnataka,BJP,,46.06,17
2024,Karnataka,INC,,45.43,9
2024,Karnataka,Janata Dal,,5.6,2
2024,Kerala,INC,,35.06,14
2024,Kerala,Indian Union Muslim League,,6.07,2
2024,Kerala,CPI(M),,25.82,1
2024,Kerala,BJP,,16.68,1
2024,Kerala,Kerala Congress,,1.84,1
2024,Kerala,RSP,,2.24,1
2024,Kerala,CPI,,6.14,0
2024,Kerala,Kerala Congress (M),,1.38,0
2024,Kerala,Bharath Dharma Jana Sena,,2.56,0
2024,Ladakh,IND,,48.15,1
2024,Ladakh,INC,,27.59,0
2024,Ladakh,BJP,,23.58,0
2024,Lakshadweep,INC,,52.24,1
2024,Lakshadweep,Nationalist Congress Party (Sharadchandra Pawar),,46.96,0
2024,Lakshadweep,NCP,,0.41,0
2024,Madhya Pradesh,BJP,,59.27,29
2024,Madhya Pradesh,INC,,32.44,0
2024,Maharashtra,INC,,16.92,13
2024,Maharashtra,BJP,,26.18,9
2024,Maharashtra,Shiv Sena (Uddhav Balasaheb Thackeray),,16.72,9
2024,Maharashtra,Nationalist Congress Party (Sharadchandra Pawar),,10.27,8
2024,Maharashtra,SS,,12.95,7
2024,Maharashtra,NCP,,3.6,1
2024,Maharashtra,IND,,,1
2024,Maharashtra,AIMIM,,0.61,0
2024,Manipur,INC,,47.59,2
2024,Manipur,Naga People'S Front,,18.87,0
2024,Manipur,BJP,,16.58,0
2024,Manipur,Republican Party Of India,,8.58,0
2024,Meghalaya,INC,,34.05,1
2024,Meghalaya,Voice Of The People Party,,33.4,1
2024,Meghalaya,National People'S Party,,24.22,0
2024,Mizoram,Zoram People'S Movement,,42.39,1
2024,Mizoram,Mizo National Front,,28.66,0
2024,Mizoram,INC,,20.08,0
2024,Nagaland,INC,,52.76,1
2024,Nagaland,Nationalist Democratic Progressive Party,,46.24,0
2024,Odisha,BJP,,45.34,20
2024,Odisha,INC,,12.52,1
2024,Odisha,BJD,,37.53,0
2024,Puducherry,INC,,52.74,1
2024,Puducherry,BJP,,35.81,0
2024,Punjab,INC,,26.3,7
2024,Punjab,AAP,,26.02,3
2024,Punjab,IND,,,2
2024,Punjab,SAD,,13.42,1
2024,Punjab,BJP,,18.56,0
2024,Rajasthan,BJP,,49.24,14
2024,Rajasthan,INC,,37.91,8
2024,Rajasthan,CPI(M),,1.97,1
2024,Rajasthan,Rashtriya Loktantrik Party,,1.8,1
2024,Rajasthan,Bharat Adivasi Party,,,1
2024,Sikkim,SKM,,42.52,1
2024,Sikkim,Citizen Action Party Â- Sikk,,21.71,0
2024,Sikkim,SDF,,20.46,0
2024,Sikkim,BJP,,5.09,0
2024,Tamil Nadu,DMK,,26.93,22
2024,Tamil Nadu,INC,,10.67,9
2024,Tamil Nadu,CPI(M),,2.52,2
2024,Tamil Nadu,CPI,,2.15,2
2024,Tamil Nadu,VCK,,,2
2024,Tamil Nadu,Indian Union Muslim League,,1.17,1
2024,Tamil Nadu,Marumalarchi Dravida Munnetra Kazhagam,,,1
2024,Tamil Nadu,AIADMK,,20.46,0
2024,Tamil Nadu,BJP,,11.24,0
2024,Telangana,INC,,40.1,8
2024,Telangana,BJP,,35.08,8
2024,Telangana,AIMIM,,3.02,1
2024,Telangana,BRS,,16.68,0
2024,Tripura,BJP,,70.72,2
2024,Tripura,CPI(M),,12.44,0
2024,Tripura,INC,,11.49,0
2024,Uttar Pradesh,SP,,33.59,37
2024,Uttar Pradesh,BJP,,41.37,33
2024,Uttar Pradesh,INC,,9.46,6
2024,Uttar Pradesh,RLD,,1.02,2
2024,Uttar Pradesh,Apna Dal (Soneylal),,0.92,1
2024,Uttar Pradesh,Aazad Samaj Party,,,1
2024,Uttar Pradesh,BSP,,9.39,0
2024,Uttarakhand,BJP,,56.81,5
2024,Uttarakhand,INC,,32.83,0
2024,West Bengal,TMC,,45.76,29
2024,West Bengal,BJP,,38.73,12
2024,West Bengal,INC,,4.68,1
2024,West Bengal,CPI(M),,5.67,0
